ID,Region,Education Level,Employment Status,Income,Wealth,Income_Normalized,Wealth_Normalized,Education_Code,Employment_Code,Region_Code,Income_Bracket
1,South,High School,Employed,48790.11,156009.98,0.14771474154821893,0.06188444996778851,1,2,2,Upper-Middle
2,Central,Bachelor,Employed,58636.65,210559.82,0.17878791723059842,0.08434698981523632,3,2,5,High Income
3,West,Master,Self-Employed,81450.08,482217.94,0.2507812995057597,0.1962104039954202,4,1,4,High Income
4,East,Bachelor,Employed,19702.21,92840.46,0.05592072792196169,0.03587249722614615,3,2,3,Low Income
5,North,Master,Employed,99016.47,301662.48,0.3062163581735958,0.12186125439343655,4,2,1,High Income
6,North,Bachelor,Employed,48216.17,194034.12,0.14590353289511387,0.07754203502972332,3,2,1,Upper-Middle
7,North,Bachelor,Employed,34086.6,160770.75,0.1013142039606375,0.06384484042593713,3,2,1,Lower-Middle
8,Central,Master,Employed,55013.61,61800.01,0.16735452454400107,0.023090656894300777,4,2,5,High Income
9,West,High School,Employed,10253.65,61895.22,0.02610347588972461,0.023129862479851084,1,2,4,Low Income
10,West,Diploma,Employed,40920.99,97011.0,0.12288180041095381,0.037589842702051755,2,2,4,Upper-Middle
11,North,High School,Employed,15462.35,32744.73,0.042540808209179985,0.011126270110054414,1,2,1,Low Income
12,Central,Doctorate,Employed,29338.61,43909.49,0.0863307552153746,0.015723696360749034,5,2,5,Lower-Middle
13,Central,Master,Self-Employed,24209.12,33808.06,0.07014338950813033,0.011564128268684883,4,1,5,Lower-Middle
14,South,High School,Employed,50226.42,93270.17,0.15224737056961712,0.03604944326297864,1,2,2,Upper-Middle
15,North,Bachelor,Employed,29544.92,83516.83,0.08698181709853677,0.03203321171407388,3,2,1,Lower-Middle
16,North,Master,Employed,118186.89,1885381.8,0.36671332752171215,0.7740053914371559,4,2,1,High Income
17,South,High School,Employed,20284.8,64589.38,0.05775923377486001,0.024239264017149816,1,2,2,Low Income
18,East,Bachelor,Self-Employed,17962.21,90360.54,0.05042973050689606,0.03485131546248775,3,1,3,Low Income
19,East,Master,Employed,27512.17,159962.81,0.08056697514711454,0.06351214679302553,4,2,3,Lower-Middle
20,South,High School,Self-Employed,59120.0,288519.2,0.18031324688609954,0.11644911293296364,1,1,2,High Income
21,West,Bachelor,Unemployed,11499.34,49006.42,0.03003455667706548,0.01782251082518472,3,0,4,Low Income
22,North,High School,Employed,20145.98,41515.37,0.05732115316499828,0.014737845331679624,1,2,1,Low Income
23,South,Master,Self-Employed,61071.0,702847.56,0.18647010663138291,0.28706129614794107,4,1,2,High Income
24,South,Doctorate,Employed,81357.54,1180308.75,0.2504892668041562,0.48367032389183273,5,2,2,High Income
25,East,Master,Employed,93999.2,141112.6,0.2903831302421669,0.055750004992834,4,2,3,High Income
26,West,Diploma,Employed,72497.99,166991.06,0.22253078051183167,0.06640624044541432,2,2,4,High Income
27,North,Master,Employed,41714.31,155861.46,0.12538531654274684,0.06182329238385896,4,2,1,Upper-Middle
28,East,Master,Unemployed,7355.28,17610.03,0.016956957396676468,0.0048941014762111535,4,0,3,Low Income
29,East,Diploma,Employed,26035.95,162123.09,0.0759084003171903,0.06440170715803566,2,2,3,Lower-Middle
30,North,Master,Employed,58666.64,163775.13,0.17888255804236727,0.06508198439312154,4,2,1,High Income
31,West,High School,Employed,16030.53,293471.78,0.04433383976739377,0.11848848693658444,1,2,4,Low Income
32,North,Bachelor,Employed,24669.65,239710.11,0.07159670504810746,0.0963504998290083,3,2,1,Lower-Middle
33,North,High School,Employed,32905.7,169324.84,0.0975875839333668,0.0673672446618369,1,2,1,Lower-Middle
34,Central,High School,Unemployed,7955.24,69503.14,0.018850278551356226,0.026262652716379644,1,0,5,Low Income
35,Central,High School,Self-Employed,30505.63,280548.48,0.09001357349315038,0.11316692886766025,1,1,5,Lower-Middle
36,Central,Bachelor,Employed,27517.83,85478.79,0.08058483666744173,0.032841107845008426,3,2,5,Lower-Middle
37,South,Diploma,Employed,28793.91,75915.64,0.08461182056480777,0.0289031927577759,2,2,2,Lower-Middle
38,North,Bachelor,Employed,25120.35,118447.67,0.07301899960843508,0.04641703732025025,3,2,1,Lower-Middle
39,West,High School,Employed,44441.41,348708.1,0.13399135047988794,0.1412337056031539,1,2,4,Upper-Middle
40,East,Diploma,Employed,57758.55,283343.7,0.1760168569833748,0.11431794490423128,2,2,3,High Income
41,North,Bachelor,Self-Employed,16641.73,26758.86,0.0462626315030766,0.00866140782271054,3,1,1,Low Income
42,East,Bachelor,Employed,25047.54,66615.66,0.07278922976832536,0.025073645845622397,3,2,3,Lower-Middle
43,North,Diploma,Employed,14350.62,61295.77,0.03903247110788636,0.022883020884870188,2,2,1,Low Income
44,Central,Bachelor,Employed,29209.49,124625.22,0.08592328533822903,0.04896082962165024,3,2,5,Lower-Middle
45,South,Master,Self-Employed,53417.38,862891.17,0.16231722867971932,0.3529640736254625,4,1,2,Upper-Middle
46,West,Bachelor,Employed,18815.89,34254.21,0.05312372744557033,0.011747843970746316,3,2,4,Low Income
47,South,High School,Employed,16404.24,102122.48,0.04551317347083296,0.03969464856728312,1,2,2,Low Income
48,East,High School,Self-Employed,17248.0,203490.58,0.04817586541275007,0.08143601729558875,1,1,3,Low Income
49,East,Master,Employed,56980.78,1117843.15,0.17356241269629685,0.4579482314146644,4,2,3,High Income
50,North,High School,Employed,28295.48,97499.16,0.08303890226504274,0.037790857287097836,1,2,1,Lower-Middle
51,Central,Master,Employed,34184.12,210859.15,0.10162195227553246,0.08447024795957801,4,2,5,Lower-Middle
52,West,Bachelor,Employed,46028.38,298748.59,0.13899942413953545,0.12066137240961994,3,2,4,Upper-Middle
53,Central,Master,Employed,37639.08,191541.79,0.11252492723481702,0.07651574307473337,4,2,5,Upper-Middle
54,Central,Bachelor,Unemployed,10790.04,45348.36,0.027796186294016027,0.016316194426926632,3,0,5,Low Income
55,East,Doctorate,Employed,154976.21,922101.8,0.48281106374126515,0.37734583415431994,5,2,3,High Income
56,Central,Diploma,Employed,68315.58,59037.8,0.20933215838611635,0.021953233719603678,2,2,5,High Income
57,North,Bachelor,Employed,20434.75,142676.82,0.058232437833704326,0.05639411969748162,3,2,1,Lower-Middle
58,North,Diploma,Employed,51585.31,250949.71,0.15653568176350136,0.10097874370413927,2,2,1,Upper-Middle
59,North,Diploma,Employed,51067.71,198054.79,0.15490226781980138,0.07919766701853279,2,2,1,Upper-Middle
60,South,Bachelor,Employed,22208.21,376501.66,0.06382902649791254,0.15267854117008556,3,2,2,Lower-Middle
61,South,Master,Employed,79761.8,230519.99,0.24545351725523848,0.09256619108121313,4,2,2,High Income
62,South,Doctorate,Employed,143844.88,496079.45,0.4476834176169879,0.20191829829393318,5,2,2,High Income
63,Central,Bachelor,Self-Employed,24777.03,405218.59,0.0719355690150211,0.16450360214957463,3,1,5,Lower-Middle
64,South,Diploma,Employed,19732.32,51491.57,0.05601574742320746,0.01884584619888856,2,2,2,Low Income
65,South,Diploma,Employed,57202.52,179293.3,0.17426216773469722,0.07147205835089061,2,2,2,High Income
66,East,Bachelor,Self-Employed,53337.48,217255.21,0.16206508460301605,0.08710401833574534,3,1,3,Upper-Middle
67,North,High School,Employed,36887.57,285531.41,0.1101533528282676,0.11521880039802666,1,2,1,Upper-Middle
68,Central,High School,Employed,32847.86,168503.79,0.0974050556055005,0.06702915259150734,1,2,5,Lower-Middle
69,North,Diploma,Employed,40518.84,78379.36,0.12161271730148908,0.02991770368343497,2,2,1,Upper-Middle
70,Central,High School,Employed,13131.36,41641.35,0.03518479667783296,0.014789721391627396,1,2,5,Low Income
71,West,High School,Unemployed,14535.8,43896.48,0.03961685208565754,0.01571833910134341,1,0,4,Low Income
72,North,High School,Employed,51823.16,220885.28,0.1572862758641757,0.08859880900834906,1,2,1,Upper-Middle
73,North,High School,Employed,24008.26,141910.46,0.06950952643871074,0.056078547882101586,1,2,1,Lower-Middle
74,Central,High School,Unemployed,7977.92,46923.16,0.01892185086249053,0.016964665765279975,1,0,5,Low Income
75,West,Doctorate,Self-Employed,29255.69,41333.22,0.08606908078683594,0.01466283958219965,5,1,4,Lower-Middle
76,West,Diploma,Unemployed,13010.43,116432.65,0.034803172357485895,0.04558729213596732,2,0,4,Low Income
77,West,Diploma,Employed,44768.99,236437.87,0.13502510963691505,0.09500305643796605,2,2,4,Upper-Middle
78,North,Bachelor,Employed,40358.48,444854.55,0.12110666193052362,0.18082490265003157,3,2,1,Upper-Middle
79,South,High School,Unemployed,15164.91,90714.13,0.041602163225767846,0.03499691679632593,1,0,2,Low Income
80,North,Master,Employed,42307.93,387933.7,0.12725863027006368,0.15738602801216647,4,2,1,Upper-Middle
81,Central,Bachelor,Employed,56970.86,345777.1,0.1735311076995397,0.14002677806142566,3,2,5,High Income
82,West,High School,Employed,15545.13,167133.71,0.04280204083332891,0.06646498088001943,1,2,4,Low Income
83,South,Diploma,Employed,32263.31,203038.09,0.0955603644911461,0.08124969090754487,2,2,2,Lower-Middle
84,North,Master,Self-Employed,50811.99,213681.68,0.15409528054452518,0.08563250971131948,4,1,1,Upper-Middle
85,South,Master,Employed,57548.97,1129712.9,0.17535547581196706,0.46283595853456505,4,2,2,High Income
86,South,Diploma,Employed,26672.8,213048.2,0.07791813692856073,0.0853716552387388,2,2,2,Lower-Middle
87,West,Bachelor,Employed,38849.56,252808.08,0.11634489421814381,0.1017439835320893,3,2,4,Upper-Middle
88,West,High School,Self-Employed,47190.79,92259.1,0.14266769442990698,0.03563310473359782,1,1,4,Upper-Middle
89,Central,Doctorate,Employed,48552.84,94184.23,0.14696597778001624,0.036425835002587004,5,2,5,Upper-Middle
90,East,High School,Employed,11256.49,61020.5,0.029268183848186923,0.022769670170297844,1,2,3,Low Income
91,North,Master,Employed,133085.01,655617.06,0.4137280047684579,0.2676127150290068,4,2,1,High Income
92,West,Bachelor,Unemployed,26784.77,80531.93,0.07827148576796585,0.030804089223693577,3,0,4,Lower-Middle
93,West,Bachelor,Employed,20517.17,100776.06,0.05849253438942255,0.039140219573515204,3,2,4,Lower-Middle
94,East,Bachelor,Employed,61028.8,768125.7,0.18633693416533936,0.3139415366934179,3,2,3,High Income
95,West,High School,Employed,20654.36,145465.37,0.05892547113388971,0.05754238916062946,1,2,4,Lower-Middle
96,East,High School,Unemployed,9445.21,20163.06,0.023552244883842048,0.005945388484692384,1,0,3,Low Income
97,East,High School,Employed,32020.81,133473.81,0.09479509617324185,0.052604503103895625,1,2,3,Lower-Middle
98,East,High School,Self-Employed,26336.31,69945.78,0.0768562600778737,0.02644492307020789,1,1,3,Lower-Middle
99,North,Bachelor,Self-Employed,29851.82,103984.4,0.08795031543571127,0.04046135021467127,3,1,1,Lower-Middle
100,North,Diploma,Employed,22355.82,76572.39,0.06429484611195728,0.029173629353828452,2,2,1,Lower-Middle
101,North,High School,Unemployed,4936.64,16219.52,0.00932434475990961,0.00432151709680189,1,0,1,Low Income
102,West,Doctorate,Employed,39070.62,77442.27,0.11704250334950843,0.029531828647584364,5,2,4,Upper-Middle
103,South,Master,Employed,48997.48,202106.2,0.1483691485217604,0.08086595712833602,4,2,2,Upper-Middle
104,East,Master,Employed,34296.69,106767.53,0.10197719456232207,0.0416073878295502,4,2,3,Lower-Middle
105,Central,Doctorate,Employed,89837.42,59970.93,0.27724961114902213,0.022337478106165563,5,2,5,High Income
106,South,High School,Employed,61716.3,1050456.27,0.18850650929341847,0.4301996536517382,1,2,2,High Income
107,East,Diploma,Unemployed,7126.94,64817.93,0.016236374437046532,0.02433337636435623,2,0,3,Low Income
108,West,Bachelor,Unemployed,14292.09,50154.63,0.03884776531552786,0.018295320880690618,3,0,4,Low Income
109,South,Bachelor,Employed,54972.52,249401.94,0.16722485495561884,0.10034140278252184,3,2,2,Upper-Middle
110,North,High School,Unemployed,10592.98,22167.25,0.027174315058031636,0.006770674090238732,1,0,1,Low Income
111,South,Master,Employed,53010.62,715307.23,0.16103359758285032,0.2921919405982465,4,2,2,Upper-Middle
112,North,High School,Employed,40978.11,630350.29,0.12306205660195874,0.257208361360118,1,2,1,Upper-Middle
113,Central,High School,Employed,35509.48,176205.45,0.10580445131807922,0.07020054309680478,1,2,5,Upper-Middle
114,Central,Bachelor,Self-Employed,23256.92,202734.58,0.06713848850892028,0.08112471152228728,3,1,5,Lower-Middle
115,West,Bachelor,Employed,67359.4,338315.49,0.2063146975192557,0.13695423537475387,3,2,4,High Income
116,Central,Bachelor,Employed,68034.62,127886.76,0.20844552009086526,0.050303866965371966,3,2,5,High Income
117,Central,High School,Employed,17899.19,61379.15,0.050230855416610175,0.0229173551115605,1,2,5,Low Income
118,North,Master,Employed,51913.7,253492.92,0.15757199707449757,0.10202598703180858,4,2,1,Upper-Middle
119,Central,High School,Employed,39662.0,132282.2,0.11890874820658975,0.052113821791033535,1,2,5,Upper-Middle
120,East,High School,Unemployed,7282.45,28313.61,0.01672712444165392,0.009301622969589422,1,0,3,Low Income
121,Central,Master,Employed,91730.5,387395.14,0.2832236901067879,0.1571642597089003,4,2,5,High Income
122,Central,Doctorate,Employed,226558.42,963364.47,0.7087063109106245,0.3943369814993367,5,2,5,High Income
123,South,Master,Unemployed,9899.18,45897.93,0.024984858732415238,0.016542496429351603,4,0,2,Low Income
124,North,Master,Employed,23787.08,53503.62,0.06881153861786926,0.019674368396204952,4,2,1,Lower-Middle
125,South,Bachelor,Unemployed,14807.5,41640.5,0.0404742681762744,0.014789371378522495,3,0,2,Low Income
126,East,Bachelor,Employed,62107.46,120769.81,0.18974091075829033,0.04737324841603628,3,2,3,High Income
127,Central,High School,Self-Employed,26387.66,223291.16,0.07701830761653095,0.08958950257166982,1,1,5,Lower-Middle
128,Central,Diploma,Employed,72688.09,82889.39,0.22313068775815575,0.03177484439343861,2,2,5,High Income
129,North,Diploma,Unemployed,4695.85,44545.58,0.008564472767051188,0.01598562557945184,2,0,1,Low Income
130,East,High School,Employed,39871.74,440008.88,0.11957063429730001,0.17882955205940507,1,2,3,Upper-Middle
131,East,Bachelor,Employed,29927.66,110207.59,0.08818964718511275,0.04302393616090391,3,2,3,Lower-Middle
132,South,Diploma,Employed,84145.05,69442.77,0.25928593933546057,0.026237793550329104,2,2,2,High Income
133,North,High School,Employed,81487.21,288759.51,0.2508984723414042,0.11654806781442141,1,2,1,High Income
134,South,High School,Employed,17866.04,76798.26,0.05012624244861626,0.029266638130304112,1,2,2,Low Income
135,Central,Bachelor,Employed,30868.93,71726.58,0.0911600558844684,0.02717822111398465,3,2,5,Lower-Middle
136,South,High School,Unemployed,13109.84,42033.68,0.03511688503164203,0.014951275087446656,1,0,2,Low Income
137,East,Master,Employed,41091.25,497911.37,0.12341909766376363,0.2026726465376189,4,2,3,Upper-Middle
138,West,Diploma,Self-Employed,35065.52,242116.97,0.10440342648337085,0.09734159693685002,2,1,4,Upper-Middle
139,South,Diploma,Employed,33143.54,81441.19,0.09833814647658476,0.03117850441870956,2,2,2,Lower-Middle
140,Central,Bachelor,Self-Employed,15982.54,25357.07,0.04418239553408976,0.008084178563509157,3,1,5,Low Income
141,Central,Master,Employed,50456.23,182827.84,0.15297259247533912,0.07292751166830452,4,2,5,Upper-Middle
142,South,Diploma,Employed,22365.82,87250.82,0.06432640356836569,0.033570794577102846,2,2,2,Lower-Middle
143,East,Bachelor,Employed,31842.09,197022.61,0.09423110131231051,0.07877263581074667,3,2,3,Lower-Middle
144,South,Bachelor,Employed,92388.66,292378.26,0.2853006756577647,0.11803819713602808,3,2,2,High Income
145,South,High School,Employed,13646.51,85281.58,0.03681047904471288,0.03275990068686983,1,2,2,Low Income
146,North,Master,Self-Employed,87469.49,1379036.26,0.2697770263737024,0.565502362485513,4,1,1,High Income
147,West,Bachelor,Employed,35822.53,272776.48,0.1067923574909449,0.10996657374848182,3,2,4,Upper-Middle
148,East,Bachelor,Employed,35806.83,155536.61,0.10674281228438369,0.06168952561076772,3,2,3,Upper-Middle
149,North,Master,Employed,78525.35,312427.89,0.24155159555761901,0.12629423625184555,4,2,1,High Income
150,South,Master,Self-Employed,67427.66,239659.17,0.20653010871669963,0.09632952374952157,4,1,2,High Income
151,Central,Bachelor,Employed,57159.4,551841.27,0.1741260919826641,0.22487990741535704,3,2,5,High Income
152,South,Master,Employed,86592.96,258130.37,0.2670109206471349,0.10393559676513771,4,2,2,High Income
153,North,Bachelor,Employed,34805.9,160642.54,0.10358413180009539,0.06379204609631414,3,2,1,Upper-Middle
154,East,Bachelor,Self-Employed,32805.19,151997.7,0.09727039993900576,0.0602322728142145,3,1,3,Lower-Middle
155,Central,Bachelor,Employed,22992.63,74367.13,0.06630445649350206,0.028265547118867126,3,2,5,Lower-Middle
156,South,Bachelor,Employed,26523.49,48712.13,0.07744695254692657,0.017701328052665027,3,2,2,Lower-Middle
157,West,High School,Employed,137904.94,762420.34,0.42893847785512296,0.3115921828484931,1,2,4,High Income
158,West,Master,Employed,100815.36,434257.7,0.31189319744945065,0.17646133044922535,4,2,4,High Income
159,South,Master,Employed,24182.42,150022.04,0.07005913109951985,0.059418735295589165,4,2,2,Lower-Middle
160,West,High School,Self-Employed,14476.42,45864.02,0.039429463909504324,0.01652853296536661,1,1,4,Low Income
161,South,Master,Employed,66270.4,656732.77,0.20287809051637842,0.26807214223050174,4,2,2,High Income
162,West,High School,Self-Employed,40482.45,102613.1,0.12149787971761883,0.0398966761314328,1,1,4,Upper-Middle
163,West,Diploma,Employed,44202.01,602806.62,0.13323586497347029,0.24586642552822638,2,2,4,Upper-Middle
164,East,Bachelor,Self-Employed,39928.53,57462.2,0.11974984909224345,0.0213044329571516,3,1,3,Upper-Middle
165,North,High School,Employed,25420.67,151133.44,0.07396673313929285,0.05987638772475217,1,2,1,Lower-Middle
166,Central,Master,Unemployed,18266.67,111509.3,0.051390528824706905,0.043559954465353955,4,0,5,Low Income
167,South,Master,Employed,53301.16,142429.34,0.16195046792134066,0.056292212352538964,4,2,2,Upper-Middle
168,North,Bachelor,Employed,12322.06,72765.88,0.03263085173069927,0.027606184196249467,3,2,1,Low Income
169,North,High School,Self-Employed,26403.14,271828.15,0.0770671585590512,0.10957607030404405,1,1,1,Lower-Middle
170,East,High School,Employed,17052.37,18089.96,0.047558506893032086,0.005091727110841532,1,2,3,Low Income
171,West,Bachelor,Employed,45987.65,285761.35,0.13887089061958396,0.11531348511960463,3,2,4,Upper-Middle
172,North,Doctorate,Employed,318864.24,282630.22,1.0,0.11402414802177739,5,2,1,High Income
173,East,Bachelor,Employed,51117.23,122295.41,0.1550585403439359,0.04800146017231763,3,2,3,Upper-Middle
174,South,High School,Unemployed,6876.77,88864.01,0.015446901550077014,0.03423507415439407,1,0,2,Low Income
175,West,Bachelor,Employed,69338.3,212903.52,0.2125596025679186,0.08531207889048316,3,2,4,High Income
176,North,Bachelor,Self-Employed,59907.11,125182.57,0.18279716583746294,0.04919033527343539,3,1,1,High Income
177,West,Bachelor,Employed,52618.02,207348.12,0.15979465184425562,0.08302447559286558,3,2,4,Upper-Middle
178,South,High School,Self-Employed,41831.12,718941.28,0.12575393919105365,0.2936883701557414,1,1,2,Upper-Middle
179,Central,Bachelor,Employed,129425.53,176357.33,0.40217961671070823,0.07026308426194898,3,2,5,High Income
180,North,Bachelor,Employed,22421.45,50737.57,0.06450195769836575,0.018535363985833938,3,2,1,Lower-Middle
181,South,Doctorate,Employed,80107.59,950227.28,0.24654474254038533,0.3889273477798154,5,2,2,High Income
182,North,Diploma,Employed,19636.2,294382.91,0.05571241715220969,0.11886367216043117,2,2,1,Low Income
183,Central,Bachelor,Employed,56686.64,237533.4,0.17263418167349948,0.09545417391657046,3,2,5,High Income
184,Central,Master,Employed,30674.74,61439.64,0.09054724163847323,0.02294226369122585,4,2,5,Lower-Middle
185,South,High School,Self-Employed,23815.13,416805.37,0.06890005728309487,0.16927480784795265,1,1,2,Lower-Middle
186,West,Master,Self-Employed,47547.43,600711.81,0.14379315955525698,0.24500382440789623,4,1,4,Upper-Middle
187,Central,Bachelor,Self-Employed,78572.05,547483.09,0.24169896887904635,0.22308529551709388,3,1,5,High Income
188,East,High School,Unemployed,13541.24,35790.35,0.036478273701101405,0.012380395889528452,1,0,3,Low Income
189,East,Diploma,Self-Employed,18120.61,78663.63,0.05092960061640549,0.030034760419118046,2,1,3,Low Income
190,South,Bachelor,Employed,43043.9,173814.12,0.12958116438935438,0.0692158409342797,3,2,2,Upper-Middle
191,North,High School,Employed,18435.79,102447.17,0.051924228527486176,0.039828349455554614,1,2,1,Low Income
192,Central,Bachelor,Unemployed,6270.5,72168.74,0.013533667640403542,0.02736029381335366,3,0,5,Low Income
193,Central,Diploma,Employed,29006.64,230245.43,0.08528314233498417,0.09245313273052841,2,2,5,Lower-Middle
194,West,Bachelor,Employed,35245.62,78417.48,0.10497177627328658,0.029933400741739533,3,2,4,Upper-Middle
195,South,High School,Employed,103467.41,1134536.39,0.3202623926762465,0.46482217584205426,1,2,2,High Income
196,South,Master,Employed,64511.59,354383.9,0.19732773352580857,0.14357088722763062,4,2,2,High Income
197,West,Doctorate,Employed,28938.8,202709.93,0.08506905655070941,0.08111456114224512,5,2,4,Lower-Middle
198,Central,Doctorate,Self-Employed,49777.22,578714.35,0.15082980962775078,0.235945707614288,5,1,5,Upper-Middle
199,Central,Bachelor,Employed,73241.89,159371.88,0.22487833969405424,0.06326881356469612,3,2,5,High Income
200,West,High School,Employed,85901.92,376124.25,0.2648301741794872,0.15252313123370767,1,2,4,High Income
201,West,Bachelor,Unemployed,5236.97,16614.86,0.010272109848223783,0.004484310250792625,3,0,4,Low Income
202,North,High School,Employed,9685.25,15666.04,0.02430975006746984,0.0040936050340943655,1,2,1,Low Income
203,North,High School,Employed,76217.68,427927.99,0.2342691760146164,0.1738548816842466,1,2,1,High Income
204,Central,Diploma,Employed,40494.74,928605.36,0.12153666383154478,0.38002387089375433,2,2,5,Upper-Middle
205,West,Diploma,Self-Employed,22301.04,30222.38,0.06412197436575194,0.010087616515759547,2,1,4,Lower-Middle
206,North,Bachelor,Unemployed,16811.78,73780.72,0.04679926604930183,0.02802407513669556,3,0,1,Low Income
207,North,Bachelor,Employed,9799.64,66599.6,0.02467073581132579,0.02506703265684036,3,2,1,Low Income
208,West,Diploma,Unemployed,9823.41,47692.26,0.024745747885208617,0.017281365858198162,2,0,4,Low Income
209,North,High School,Employed,32618.0,135820.08,0.09667967591249647,0.05357065045405964,1,2,1,Lower-Middle
210,North,Doctorate,Self-Employed,112903.3,217465.68,0.3500396614112141,0.08719068569832042,5,1,1,High Income
211,East,Diploma,Self-Employed,20584.77,107325.13,0.058705862794743484,0.0418369964263662,2,1,3,Lower-Middle
212,West,Diploma,Self-Employed,37687.27,103278.15,0.1126770026172492,0.040170530502509696,2,1,4,Upper-Middle
213,West,High School,Employed,16372.11,17674.63,0.0454117793633927,0.004920702472183739,1,2,4,Low Income
214,South,Bachelor,Unemployed,14418.25,140468.0,0.03924589418557652,0.05548457152528093,3,0,2,Low Income
215,West,Bachelor,Employed,25522.65,213261.07,0.07428855607974595,0.08545931087361007,3,2,4,Lower-Middle
216,South,High School,Employed,21760.73,100855.28,0.06241689343854841,0.03917284079489211,1,2,2,Lower-Middle
217,South,High School,Unemployed,4725.11,24576.47,0.008656809884502233,0.007762742999171705,1,0,2,Low Income
218,West,Bachelor,Employed,59747.75,538311.96,0.18229426621213832,0.21930880647384235,3,2,4,High Income
219,West,Bachelor,Self-Employed,73660.37,381948.47,0.22619895612983393,0.15492142926410155,3,1,4,High Income
220,Central,High School,Employed,23939.3,193085.46,0.06929190621931826,0.07715139569784481,1,2,5,Lower-Middle
221,West,Doctorate,Employed,63048.47,232883.97,0.19271049896377937,0.09353963105736283,5,2,4,High Income
222,East,High School,Employed,12278.35,129105.12,0.032492914088738056,0.0508055633965354,1,2,3,Low Income
223,North,Diploma,Employed,27717.45,153020.65,0.08121478661226665,0.06065350329146147,2,2,1,Lower-Middle
224,South,Master,Employed,49457.04,251448.49,0.14981940298846588,0.10118413139409602,4,2,2,Upper-Middle
225,South,Diploma,Employed,138147.29,271179.44,0.4297032728111811,0.10930894442018374,2,2,2,High Income
226,South,Bachelor,Employed,22656.0,122357.37,0.06524213783842532,0.0480269740687644,3,2,2,Lower-Middle
227,Central,Diploma,Employed,73125.83,190835.34,0.2245120838549781,0.0762248410065471,2,2,5,High Income
228,South,High School,Employed,47126.48,139484.19,0.14246474842774443,0.0550794581220644,1,2,2,Upper-Middle
229,Central,Doctorate,Employed,72040.11,190038.92,0.22108582769780277,0.07589689108065724,5,2,5,High Income
230,West,Diploma,Employed,85980.93,192688.1,0.26507950964257015,0.07698777074800478,2,2,4,High Income
231,West,Master,Employed,62388.13,1112623.97,0.19062663388730555,0.45579907683014126,4,2,4,High Income
232,East,High School,Employed,33737.17,359232.78,0.10021149176135796,0.14556755963245332,1,2,3,Lower-Middle
233,East,High School,Unemployed,7935.72,123917.12,0.018788678396446983,0.04866924811626035,1,0,3,Low Income
234,East,High School,Unemployed,16015.43,32416.61,0.044286188008217056,0.010991156815959609,1,0,3,Low Income
235,North,Bachelor,Employed,76329.9,358303.24,0.23462331379043172,0.14518479353653446,3,2,1,High Income
236,West,Diploma,Employed,23167.76,44789.86,0.06685712222758276,0.016086215227999565,2,2,4,Lower-Middle
237,South,Master,Self-Employed,27070.41,77187.66,0.07917289295281604,0.029426985310361767,4,1,2,Lower-Middle
238,North,Diploma,Employed,29231.44,72129.44,0.08599255395504551,0.027344110854503462,2,2,1,Lower-Middle
239,West,Doctorate,Employed,39759.62,398848.41,0.11921681209604879,0.16188048864300125,5,2,4,Upper-Middle
240,North,High School,Employed,26301.45,91110.66,0.07674625078483394,0.035160199968663534,1,2,1,Lower-Middle
241,Central,Master,Employed,100414.63,901224.58,0.3106285954987959,0.3687490099261657,4,2,5,High Income
242,Central,Bachelor,Employed,32475.66,215544.95,0.09623048707797897,0.08639976726187426,3,2,5,Lower-Middle
243,Central,Bachelor,Employed,40790.69,817147.04,0.12247060675395208,0.33412755012856804,3,2,5,Upper-Middle
244,South,Master,Unemployed,15747.11,26977.9,0.043439438337866246,0.008751604140943278,4,0,2,Low Income
245,North,Bachelor,Self-Employed,73255.54,744308.41,0.22492141562205173,0.30413405007781613,3,1,1,High Income
246,Central,Bachelor,Employed,12136.5,114594.98,0.03204527156958457,0.044830576156571975,3,2,5,Low Income
247,East,High School,Employed,19509.03,46440.93,0.055311100979063776,0.016766093036365743,1,2,3,Low Income
248,Central,High School,Unemployed,9177.88,79156.98,0.02270861940167567,0.030237912143004645,1,0,5,Low Income
249,Central,Master,Employed,98372.41,548536.93,0.30418386863615493,0.2235192458823532,4,2,5,High Income
250,Central,Bachelor,Employed,31863.47,123174.33,0.09429857115411173,0.048363381958389205,3,2,5,Lower-Middle
251,South,Bachelor,Employed,14878.28,39030.54,0.040697631852733215,0.013714641727615271,3,2,2,Low Income
252,South,Diploma,Unemployed,13787.37,38719.05,0.03725499737568193,0.013586376336972851,2,0,2,Low Income
253,Central,High School,Self-Employed,21124.29,358813.02,0.06040845068289074,0.1453947108078488,1,1,5,Lower-Middle
254,South,High School,Unemployed,4247.26,19043.35,0.0071488368300257335,0.005484314162703797,1,0,2,Low Income
255,North,Bachelor,Self-Employed,32587.44,242817.82,0.09658323632571232,0.09763019303634517,3,1,1,Lower-Middle
256,East,Diploma,Employed,29529.66,79147.29,0.08693366042005751,0.030233921993608758,2,2,3,Lower-Middle
257,Central,High School,Employed,19530.03,52722.85,0.05537737163752146,0.019352862829246517,1,2,5,Low Income
258,West,Diploma,Employed,9716.47,87980.26,0.024408272446376937,0.0338711634703264,2,2,4,Low Income
259,East,High School,Employed,44609.6,83156.51,0.1345221153392212,0.03188483910000512,1,2,3,Upper-Middle
260,North,Bachelor,Employed,84199.41,288097.5,0.25945748566849675,0.11627546525491969,3,2,1,High Income
261,West,High School,Unemployed,11692.26,53572.98,0.03064336312609678,0.01970292946556499,1,0,4,Low Income
262,Central,Bachelor,Employed,22337.78,107627.01,0.06423791646059648,0.0419613046100226,3,2,5,Lower-Middle
263,North,Diploma,Unemployed,8776.62,35011.65,0.02144234490583129,0.012059742707425488,2,0,1,Low Income
264,East,Diploma,Employed,32566.93,188779.6,0.09651851198261867,0.07537832813563873,2,2,3,Lower-Middle
265,Central,High School,Self-Employed,41646.18,292822.28,0.12517031559223626,0.11822103574642664,1,1,5,Upper-Middle
266,West,High School,Self-Employed,43270.02,312615.63,0.13029474159366164,0.1263715438522154,1,1,4,Upper-Middle
267,West,Diploma,Employed,21825.71,51537.83,0.06262195379029036,0.018864895147397726,2,2,4,Lower-Middle
268,West,Diploma,Self-Employed,37610.83,140132.9,0.11243577742046322,0.055346584005924696,2,1,4,Upper-Middle
269,South,Bachelor,Employed,53705.26,523274.83,0.16322570473480502,0.2131168152266407,3,2,2,Upper-Middle
270,South,High School,Employed,60658.81,486280.47,0.1851693398356841,0.19788327310019577,1,2,2,High Income
271,Central,Bachelor,Employed,61527.56,112970.48,0.18791089386116586,0.04416163934608493,3,2,5,High Income
272,Central,Master,Employed,78468.57,441933.8,0.24137241232013198,0.17962219585456832,4,2,5,High Income
273,Central,Bachelor,Employed,43733.36,54177.45,0.13175692477888953,0.019951838196765423,3,2,5,Upper-Middle
274,Central,High School,Self-Employed,65080.53,300706.02,0.1991231634507094,0.12146740317659542,1,1,5,High Income
275,East,Diploma,Unemployed,12283.8,189015.66,0.03251011290248064,0.07547553295157199,2,0,3,Low Income
276,East,High School,Self-Employed,18657.99,45156.95,0.05262543520888133,0.016237375593503838,1,1,3,Low Income
277,West,High School,Self-Employed,64827.27,168918.5,0.19832393930970965,0.0671999219264886,1,1,4,High Income
278,West,Doctorate,Employed,90624.06,667366.32,0.2797320468999343,0.27245082676183724,5,2,4,High Income
279,West,High School,Self-Employed,23481.17,38604.85,0.06784616446887917,0.0135393510468789,1,1,4,Lower-Middle
280,West,Diploma,Employed,25107.41,74579.99,0.07297816425984258,0.028353198635937164,2,2,4,Lower-Middle
281,Central,Bachelor,Employed,49162.11,324670.22,0.14888867892661226,0.13133538441012804,3,2,5,Upper-Middle
282,South,Bachelor,Employed,53879.94,159887.82,0.16377695038334736,0.06348126740157066,3,2,2,Upper-Middle
283,South,Bachelor,Employed,46549.55,178955.44,0.14064410409517325,0.07133293431839376,3,2,2,Upper-Middle
284,North,High School,Employed,32323.11,234980.65,0.0957490780804685,0.0944030022065238,1,2,1,Lower-Middle
285,East,Diploma,Employed,83251.05,490716.07,0.2564647027325475,0.1997097650156137,2,2,3,High Income
286,North,Bachelor,Employed,75290.61,401331.35,0.2313435789033607,0.16290291398263235,3,2,1,High Income
287,East,High School,Unemployed,9074.24,32622.76,0.022381557923458778,0.011076045288401533,1,0,3,Low Income
288,East,Diploma,Employed,54850.16,312668.91,0.1668387179190054,0.12639348349719093,2,2,3,Upper-Middle
289,South,High School,Employed,15435.57,63831.6,0.04245629734091823,0.023927225275228687,1,2,2,Low Income
290,East,High School,Employed,33900.25,204587.56,0.10072613076046653,0.08188773185537211,1,2,3,Lower-Middle
291,North,Diploma,Employed,88411.56,286860.75,0.2727499596695707,0.11576619618728666,2,2,1,High Income
292,North,High School,Employed,24158.53,96155.6,0.06998374033616013,0.03723760598448289,1,2,1,Lower-Middle
293,Central,Bachelor,Employed,26201.27,61703.17,0.07643010818653435,0.023050780107149303,3,2,5,Lower-Middle
294,South,Bachelor,Employed,29176.33,127817.42,0.08581864081277871,0.050275314131614394,3,2,2,Lower-Middle
295,North,Master,Employed,27922.11,73867.16,0.08186064151512146,0.02805966941056352,4,2,1,Lower-Middle
296,East,High School,Employed,17689.01,38429.04,0.04956758079781794,0.013466955983381379,1,2,3,Low Income
297,West,High School,Employed,22215.34,117791.11,0.06385152696433173,0.04614667896242115,1,2,4,Lower-Middle
298,South,High School,Employed,12572.36,64701.32,0.033420734864602106,0.02428535868416485,1,2,2,Low Income
299,West,Bachelor,Employed,42123.12,314022.51,0.1266754169181796,0.12695086907224498,3,2,4,Upper-Middle
300,North,Bachelor,Employed,68597.71,232299.51,0.21022248890376719,0.09329896204643193,3,2,1,High Income
301,North,High School,Unemployed,4959.59,28978.59,0.00939676912236694,0.009575448516057674,1,0,1,Low Income
302,East,Master,Employed,117251.72,751703.15,0.3637621688707657,0.30717905702763515,4,2,3,High Income
303,East,High School,Employed,36071.33,215853.8,0.10757750700638648,0.08652694555299086,1,2,3,Upper-Middle
304,West,Bachelor,Employed,73613.32,192895.98,0.22605047829743233,0.07707337160006021,3,2,4,High Income
305,West,Bachelor,Unemployed,8725.28,43090.86,0.021280328924630446,0.015386600798318124,3,0,4,Low Income
306,Central,Master,Employed,81345.53,461922.48,0.25045136629900966,0.18785313697186368,4,2,5,High Income
307,East,Bachelor,Employed,22907.01,103142.24,0.06603426155173314,0.04011456546593642,3,2,3,Lower-Middle
308,South,Master,Employed,82959.55,95788.5,0.255544802878242,0.03708644150117738,4,2,2,High Income
309,West,Diploma,Employed,35923.65,178701.02,0.10711146649014688,0.0712281692193946,2,2,4,Upper-Middle
310,South,Master,Employed,68924.05,1301340.74,0.21125233493619966,0.5335088916711499,4,2,2,High Income
311,East,High School,Employed,14267.52,50600.43,0.03877022864513236,0.018478892459708858,1,2,3,Low Income
312,North,Master,Self-Employed,34183.35,95439.12,0.10161952235138899,0.03694257376165878,4,1,1,Lower-Middle
313,North,Bachelor,Employed,58002.27,331344.53,0.17678597531096085,0.13408373260563552,3,2,1,High Income
314,Central,Master,Employed,30178.37,165698.73,0.08898082417472833,0.06587408463852192,4,2,5,Lower-Middle
315,Central,Diploma,Unemployed,12650.22,123094.51,0.03366644122019808,0.04833051366893825,2,0,5,Low Income
316,West,Bachelor,Employed,19689.41,38957.32,0.055880334377758904,0.013684491186978853,3,2,4,Low Income
317,East,Bachelor,Employed,66586.54,480054.49,0.20387574794327432,0.19531953828741883,3,2,3,High Income
318,North,Bachelor,Employed,21202.49,139476.06,0.0606552299920046,0.055076110349661034,3,2,1,Lower-Middle
319,North,High School,Employed,36904.28,150796.66,0.11020608533792609,0.05973770841478859,1,2,1,Upper-Middle
320,South,High School,Employed,38423.13,214606.56,0.11499918960451942,0.08601335691186321,1,2,2,Upper-Middle
321,East,High School,Unemployed,5569.83,48740.58,0.011322531342234555,0.017713043197176176,1,0,3,Low Income
322,West,High School,Self-Employed,41263.88,326031.02,0.12396387403374223,0.1318957348020707,1,1,4,Upper-Middle
323,West,Master,Employed,58671.86,125085.52,0.17889903103461247,0.049150372012458,4,2,4,High Income
324,South,High School,Employed,20250.91,154671.35,0.057652285555091866,0.061333228741181994,1,2,2,Low Income
325,Central,Doctorate,Employed,35451.58,152340.82,0.10562173364547446,0.06037356281016052,5,2,5,Upper-Middle
326,West,Diploma,Unemployed,3331.65,15655.71,0.0042594045638141,0.004089351345419491,2,0,4,Low Income
327,East,High School,Unemployed,9903.59,46547.6,0.024998775570691353,0.01681001762213038,1,0,3,Low Income
328,West,Bachelor,Employed,17661.11,71787.27,0.04947953549443844,0.027203212049674685,3,2,4,Low Income
329,East,Bachelor,Employed,44011.28,427971.17,0.13263396960739243,0.17387266234997564,3,2,3,Upper-Middle
330,South,Diploma,Employed,28275.27,120009.5,0.08297512464564132,0.04706016787040291,2,2,2,Lower-Middle
331,South,Bachelor,Employed,60675.21,131345.37,0.18522109406419393,0.051728053818015006,3,2,2,High Income
332,West,Bachelor,Employed,35370.62,122742.31,0.10536624447839187,0.04818548470947162,3,2,4,Upper-Middle
333,North,High School,Self-Employed,24995.02,125816.96,0.07262349000726831,0.04945156446592839,1,1,1,Lower-Middle
334,North,Doctorate,Employed,92333.02,920016.34,0.2851250899703082,0.37648708317814367,5,2,1,High Income
335,North,Doctorate,Employed,74229.0,492338.48,0.2279934077735861,0.20037784120564278,5,2,1,High Income
336,North,Bachelor,Employed,49694.41,128129.89,0.15056848233123263,0.05040398306677776,3,2,1,Upper-Middle
337,Central,High School,Employed,35256.85,794754.52,0.10500721529683323,0.3249067554794037,1,2,5,Upper-Middle
338,West,Bachelor,Employed,17947.34,95540.08,0.05038280456921673,0.03698414708291872,3,2,4,Low Income
339,East,High School,Employed,41297.27,424028.38,0.12406924438068996,0.1722490997971777,1,2,3,Upper-Middle
340,North,High School,Employed,38145.98,154904.07,0.11412457470015999,0.061429058211503046,1,2,1,Upper-Middle
341,East,High School,Unemployed,4671.19,29609.56,0.008486652079548015,0.009835269420528599,1,0,3,Low Income
342,East,Diploma,Employed,28578.08,221029.13,0.08393071598314479,0.08865804357910224,2,2,3,Lower-Middle
343,North,Master,Employed,49754.35,492219.35,0.15075763772494472,0.2003287858395404,4,2,1,Upper-Middle
344,East,Bachelor,Employed,38784.99,345614.06,0.11614112772211463,0.13995964143010414,3,2,3,Upper-Middle
345,South,Bachelor,Unemployed,15054.2,118935.95,0.0412527906258702,0.04661810131891114,3,0,2,Low Income
346,West,Diploma,Employed,71818.06,262258.22,0.22038509437825374,0.10563536334757474,2,2,4,High Income
347,West,Diploma,Employed,59255.34,183134.52,0.18074034550113113,0.07305379639655332,2,2,4,High Income
348,North,Diploma,Employed,15881.64,88354.63,0.04386398079892876,0.03402532159512914,2,2,1,Low Income
349,South,Doctorate,Employed,86922.03,714472.68,0.26804938186516686,0.29184828949625086,5,2,2,High Income
350,West,High School,Employed,56569.84,219358.53,0.1722655905826491,0.08797012370492578,1,2,4,High Income
351,East,Master,Employed,62894.68,563306.2,0.19222517684167423,0.229600937705697,4,2,3,High Income
352,Central,Bachelor,Unemployed,22829.95,263031.59,0.06579107979264984,0.10595382174161994,3,0,5,Lower-Middle
353,West,Diploma,Employed,98852.91,244208.99,0.30570020441657964,0.09820304919063587,2,2,4,High Income
354,North,Bachelor,Self-Employed,80669.22,209842.79,0.24831710396465162,0.08405173111334434,3,1,1,High Income
355,North,Diploma,Self-Employed,41236.1,168691.28,0.12387620741983964,0.06710635724684634,2,1,1,Upper-Middle
356,West,Master,Employed,90334.15,494458.79,0.2788171646811977,0.20125094271912003,4,2,4,High Income
357,North,Master,Self-Employed,60564.9,193010.96,0.18487298376255262,0.07712071807865041,4,1,1,High Income
358,East,Diploma,Employed,33116.47,357438.2,0.09825272044208715,0.1448285872585759,2,2,3,Lower-Middle
359,Central,High School,Employed,22449.87,132545.8,0.06459164398947848,0.05222236703156562,1,2,5,Lower-Middle
360,East,Bachelor,Employed,98680.17,453740.11,0.30515508091458055,0.18448379964343958,3,2,3,High Income
361,South,Master,Employed,32413.7,57124.89,0.09603495707807239,0.021165535403722614,4,2,2,Lower-Middle
362,West,High School,Employed,63267.07,120552.42,0.1934003449608675,0.04728373153500718,1,2,4,High Income
363,East,Bachelor,Employed,54977.94,295771.75,0.16724195909699224,0.11943556886703435,3,2,3,High Income
364,East,Bachelor,Employed,19344.12,21675.91,0.054790686965432454,0.006568350044400192,3,2,3,Low Income
365,Central,Bachelor,Employed,51121.94,442494.52,0.15507340390590427,0.17985308920536938,3,2,5,Upper-Middle
366,South,High School,Employed,8580.98,34700.29,0.020824954828656896,0.01193153084819911,1,2,2,Low Income
367,Central,Bachelor,Employed,58911.49,2173396.82,0.1796552423625275,0.8926042519180204,3,2,5,High Income
368,Central,Master,Employed,82730.99,1661938.25,0.2548235256545711,0.6819957788419548,4,2,5,High Income
369,North,High School,Employed,19663.55,78321.71,0.05579872679548672,0.02989396455932012,1,2,1,Low Income
370,North,High School,Self-Employed,32066.89,134115.98,0.09494051293237186,0.0528689359457488,1,1,1,Lower-Middle
371,North,Doctorate,Employed,180848.48,1548106.02,0.5644573670124606,0.6351219291239933,5,2,1,High Income
372,North,High School,Unemployed,6186.87,83888.75,0.013269752632459898,0.03218636097757425,1,0,1,Low Income
373,North,Master,Employed,28397.97,43886.15,0.08336233463577268,0.015714085412668537,4,2,1,Lower-Middle
374,West,Diploma,Employed,73832.5,103612.19,0.22674215462699213,0.04030808153493512,2,2,4,High Income
375,North,High School,Self-Employed,88172.56,263742.48,0.2719957364614094,0.10624655211355413,1,1,1,High Income
376,South,Master,Employed,50945.15,333462.03,0.15451549963405975,0.13495567701696598,4,2,2,Upper-Middle
377,Central,Diploma,Employed,57007.84,352890.09,0.17364780717333803,0.14295576596147264,2,2,5,High Income
378,North,Bachelor,Self-Employed,96074.95,863056.42,0.2969336692561453,0.3530321202908568,3,1,1,High Income
379,Central,Diploma,Employed,21726.18,44643.76,0.06230786242665732,0.01602605415196869,2,2,5,Lower-Middle
380,South,Bachelor,Self-Employed,35177.22,34984.5,0.10475592327145296,0.01204856287707478,3,1,2,Upper-Middle
381,North,High School,Unemployed,16079.91,125873.81,0.04448967048713857,0.049474974165944506,1,0,1,Low Income
382,West,Diploma,Unemployed,24770.89,64802.33,0.07191619273678633,0.02432695259443096,2,0,4,Lower-Middle
383,West,Doctorate,Self-Employed,92551.72,111692.61,0.2858152515419604,0.043635437879777084,5,1,4,High Income
384,Central,High School,Employed,16788.01,82678.23,0.04672425397541901,0.03168789290257838,1,2,5,Low Income
385,West,Bachelor,Employed,124572.8,934913.94,0.38686563516702355,0.38262161874472533,3,2,4,High Income
386,Central,Diploma,Employed,24406.52,101039.67,0.0707663336976326,0.03924876893184853,2,2,5,Lower-Middle
387,South,Bachelor,Employed,34732.67,115593.45,0.10335303654681649,0.045241726256397774,3,2,2,Lower-Middle
388,North,High School,Self-Employed,36167.42,146141.2,0.10788074260501501,0.05782068252143677,1,1,1,Upper-Middle
389,West,Doctorate,Employed,145134.54,511210.98,0.4517532565401566,0.20814916158478522,5,2,4,High Income
390,Central,Diploma,Self-Employed,57505.53,107302.34,0.17521839022132885,0.04182761195735358,2,1,5,High Income
391,Central,High School,Employed,34217.55,96370.12,0.10172744885230582,0.03732594105655779,1,2,5,Lower-Middle
392,East,High School,Employed,35141.1,221008.98,0.10464193773890572,0.08864974620961545,1,2,3,Upper-Middle
393,South,High School,Employed,27896.35,154097.71,0.08177934950741335,0.061097015191186425,1,2,2,Lower-Middle
394,West,Bachelor,Employed,56768.6,283786.51,0.17289282658622293,0.1145002852606805,3,2,4,High Income
395,South,Diploma,Unemployed,2439.16,5724.8,0.0014429331368187401,0.0,2,0,2,Low Income
396,Central,Master,Employed,43188.87,172019.14,0.13003865283490731,0.06847670384835292,4,2,5,Upper-Middle
397,Central,Diploma,Employed,37323.06,40630.5,0.11152764849739802,0.014373473453873728,2,2,5,Upper-Middle
398,East,High School,Employed,14461.72,72785.37,0.03938307444858394,0.027614209790854813,1,2,3,Low Income
399,West,Bachelor,Employed,51649.71,585954.47,0.1567389117827716,0.23892704512142465,3,2,4,Upper-Middle
400,West,Bachelor,Employed,37320.68,64158.83,0.11152013782277283,0.024061972085013653,3,2,4,Upper-Middle
401,North,High School,Employed,71526.95,219032.76,0.2194664252647481,0.087835978094121,1,2,1,High Income
402,Central,High School,Employed,64697.56,359115.08,0.197914607542636,0.1455190931119274,1,2,5,High Income
403,East,High School,Employed,21080.95,213303.81,0.060271680666816624,0.0854769103560848,1,2,3,Lower-Middle
404,Central,Bachelor,Employed,38437.98,128727.79,0.11504605242728595,0.05065018640256736,3,2,5,Upper-Middle
405,South,Bachelor,Employed,40098.36,114591.4,0.12028578937442772,0.04482910198373015,3,2,2,Upper-Middle
406,Central,Diploma,Employed,25494.72,31774.73,0.07420041610399723,0.010726843390342232,2,2,5,Lower-Middle
407,South,Master,Employed,56598.4,271297.36,0.17235571867815155,0.10935750153233678,4,2,2,High Income
408,North,Master,Employed,33503.9,566236.18,0.09947535097571869,0.2308074452316994,4,2,1,Lower-Middle
409,Central,Bachelor,Unemployed,6727.44,36106.67,0.014975654053530027,0.012510650178166964,3,0,5,Low Income
410,North,Master,Employed,71608.1,316311.3,0.21972251402350249,0.12789334730091512,4,2,1,High Income
411,South,High School,Self-Employed,42356.17,234034.28,0.1274108634397779,0.0940133058511279,1,1,2,Upper-Middle
412,Central,High School,Employed,17499.79,77865.2,0.048970450607657756,0.029705982815180106,1,2,5,Low Income
413,Central,High School,Employed,44567.64,117748.23,0.13438970025213146,0.04612902183072913,1,2,5,Upper-Middle
414,East,High School,Employed,19243.91,147278.68,0.05447444969476365,0.058289074176218425,1,2,3,Low Income
415,West,Bachelor,Employed,48002.23,249134.39,0.14522839267271206,0.10023123101050226,3,2,4,Upper-Middle
416,East,Master,Unemployed,23949.16,108568.56,0.06932302187133696,0.04234901618522364,4,0,3,Lower-Middle
417,South,High School,Employed,26737.73,63566.57,0.07812303949302062,0.023818091189120108,1,2,2,Lower-Middle
418,South,High School,Employed,34976.28,365750.09,0.1041218077423821,0.14825125834858466,1,2,2,Upper-Middle
419,West,Diploma,Employed,24602.5,169848.16,0.07138479672832489,0.06758273743602225,2,2,4,Lower-Middle
420,West,Master,Employed,45634.33,142773.83,0.13775590256976156,0.05643406648725407,4,2,4,Upper-Middle
421,West,Diploma,Employed,29185.19,250848.09,0.08584660071915655,0.10093689860799789,2,2,4,Lower-Middle
422,West,Bachelor,Employed,27698.79,89834.37,0.08115590039860855,0.034634649114950684,3,2,4,Lower-Middle
423,North,High School,Unemployed,7413.96,19986.61,0.017142136550881096,0.005872729881915874,1,0,1,Low Income
424,East,High School,Employed,11621.1,31785.66,0.03041880026629444,0.010731344147091154,1,2,3,Low Income
425,North,Doctorate,Employed,47121.93,66789.37,0.14245038978507857,0.025145176170860747,5,2,1,Upper-Middle
426,East,Doctorate,Self-Employed,58061.43,353542.65,0.1769726692230731,0.14322447719880807,5,1,3,High Income
427,East,High School,Employed,23657.11,32246.82,0.06840138635692898,0.010921240668805041,1,2,3,Lower-Middle
428,Central,Doctorate,Self-Employed,59463.31,119925.53,0.18139664592205712,0.047025590693439784,5,1,5,High Income
429,South,Bachelor,Employed,40367.96,46941.6,0.1211365783991988,0.016972258990755742,3,2,2,Upper-Middle
430,North,Master,Self-Employed,72800.29,308516.29,0.22348476241905826,0.12468351712109692,4,1,1,High Income
431,North,Diploma,Employed,52871.72,214897.31,0.16059526451333733,0.08613308198274601,2,2,1,Upper-Middle
432,West,Bachelor,Self-Employed,32135.01,116465.32,0.09515548232542603,0.045600744992599286,3,1,4,Lower-Middle
433,West,Diploma,Unemployed,5058.91,11512.99,0.009710197779415399,0.0023834615925472737,2,0,4,Low Income
434,North,Bachelor,Employed,23544.26,49251.02,0.0680452604613599,0.017923232243371934,3,2,1,Lower-Middle
435,North,High School,Unemployed,6250.29,37881.7,0.013469890021002118,0.013241572250631618,1,0,1,Low Income
436,West,High School,Employed,22443.61,70326.39,0.06457188902176682,0.02660165070298073,1,2,4,Lower-Middle
437,North,Diploma,Employed,21399.9,117803.64,0.061278205738963296,0.046151838567367535,2,2,1,Lower-Middle
438,Central,Bachelor,Employed,20473.73,51610.8,0.05835544879878435,0.01889494274300329,3,2,5,Lower-Middle
439,West,High School,Employed,21193.54,106845.86,0.06062698606851907,0.04163964256661727,1,2,4,Lower-Middle
440,North,Bachelor,Employed,46145.12,482471.54,0.1393678258856474,0.19631483143471812,3,2,1,Upper-Middle
441,North,Doctorate,Employed,85638.86,561800.57,0.26400002373120723,0.22898094919848025,5,2,1,High Income
442,Central,High School,Employed,20045.0,68711.1,0.057002485970186034,0.02593650638743033,1,2,5,Low Income
443,South,Bachelor,Self-Employed,36604.38,193900.91,0.10925967722023747,0.07748718179948326,3,1,2,Upper-Middle
444,South,Diploma,Self-Employed,21596.05,82771.03,0.0618972052464145,0.031726106098031254,2,1,2,Lower-Middle
445,Central,Master,Employed,49970.13,225100.63,0.15143858451932565,0.09033460635158487,4,2,5,Upper-Middle
446,Central,High School,Employed,17080.32,61947.03,0.04764670998369363,0.023151196808045192,1,2,5,Low Income
447,Central,Bachelor,Employed,57238.51,230536.46,0.17437574302031114,0.09257297309984577,3,2,5,High Income
448,West,Master,Employed,19039.02,97939.63,0.05382786897041147,0.037972234078058276,4,2,4,Low Income
449,South,Master,Employed,41717.5,98026.47,0.12539538337134112,0.0380079930639756,4,2,2,Upper-Middle
450,North,Bachelor,Employed,49284.8,114125.02,0.1492758573592872,0.04463705596977204,3,2,1,Upper-Middle
451,West,Diploma,Employed,36161.43,65722.44,0.10786183968862637,0.02470583560378599,2,2,4,Upper-Middle
452,East,Bachelor,Unemployed,55102.9,87271.69,0.16763630107227187,0.033579388428278505,3,0,3,High Income
453,East,Master,Employed,61627.42,125195.08,0.18822602662086038,0.0491954866427793,4,2,3,High Income
454,Central,Bachelor,Employed,24041.38,119513.24,0.06961404473433544,0.046855817866357174,3,2,5,Lower-Middle
455,North,High School,Employed,25843.45,64828.5,0.07530091928132815,0.02433772888026072,1,2,1,Lower-Middle
456,East,Master,Employed,19140.02,119776.9,0.05414659928013654,0.04696438781369667,4,2,3,Low Income
457,North,Bachelor,Employed,39951.92,183138.13,0.11982366198278276,0.07305528292279885,3,2,1,Upper-Middle
458,East,Bachelor,Employed,26412.19,32927.16,0.0770957180571008,0.011201391157968945,3,2,3,Lower-Middle
459,North,High School,Employed,45061.46,309129.87,0.1359480705644922,0.12493617716922166,1,2,1,Upper-Middle
460,North,Bachelor,Employed,30869.22,234341.32,0.09116097105070425,0.09413973882022113,3,2,1,Lower-Middle
461,North,Diploma,Unemployed,9195.28,21599.7,0.022763529375826333,0.006536968281194764,2,0,1,Low Income
462,West,Bachelor,Self-Employed,32387.09,190734.88,0.09595098268656957,0.07618347357534887,3,1,4,Lower-Middle
463,West,High School,Self-Employed,77963.52,200240.1,0.23977860298422457,0.08009753424003199,1,1,4,High Income
464,East,Bachelor,Employed,34999.13,167136.18,0.10419391653027534,0.06646599797692425,3,2,3,Upper-Middle
465,Central,Doctorate,Employed,169148.89,333237.47,0.5275364368703183,0.13486320767245197,5,2,5,High Income
466,South,High School,Employed,42620.96,59550.63,0.12824647332801653,0.022164406920294397,1,2,2,Upper-Middle
467,South,Doctorate,Employed,80480.08,281231.6,0.2477202262341427,0.11344822410556724,5,2,2,High Income
468,Central,Diploma,Employed,40032.33,165548.39,0.12007741548976289,0.06581217761476776,2,2,5,Upper-Middle
469,South,Master,Employed,63136.91,218506.06,0.19298959310825547,0.08761909350311851,4,2,2,High Income
470,Central,Bachelor,Employed,14465.79,30029.09,0.03939591833334217,0.010008023535704734,3,2,5,Low Income
471,North,Bachelor,Employed,35824.1,123802.36,0.10679731201160103,0.04862199222929729,3,2,1,Upper-Middle
472,Central,Bachelor,Unemployed,19942.85,106475.22,0.05668012655297399,0.04148702038167488,3,0,5,Low Income
473,North,Master,Self-Employed,54441.88,236974.67,0.1655502900887623,0.09522410000821502,4,1,1,Upper-Middle
474,Central,Diploma,Self-Employed,16598.96,83760.85,0.04612766026201777,0.03213369429978952,2,1,5,Low Income
475,East,Diploma,Employed,31755.37,92064.27,0.09395743505033666,0.03555287761215295,2,2,3,Lower-Middle
476,Central,Bachelor,Self-Employed,117281.25,1125735.12,0.3638553580395397,0.46119798779524895,3,1,5,High Income
477,North,Master,Employed,100938.09,210607.18,0.3122805021119512,0.08436649172188124,4,2,1,High Income
478,East,Bachelor,Self-Employed,44398.9,273179.45,0.13385719973269572,0.11013250878481422,3,1,3,Upper-Middle
479,Central,Bachelor,Employed,70478.22,680980.0,0.21615690013882757,0.2780566695923644,3,2,5,High Income
480,East,Diploma,Self-Employed,29388.86,180044.84,0.08648933143382692,0.07178152758484163,2,1,3,Lower-Middle
481,West,Master,Employed,19917.28,78252.98,0.05659943413693765,0.02986566291143783,4,2,4,Low Income
482,West,High School,Unemployed,4914.22,15622.93,0.009253592942641924,0.0040758531929739605,1,0,4,Low Income
483,East,Bachelor,Unemployed,29595.51,260103.5,0.08714146627050696,0.1047480924800508,3,0,3,Lower-Middle
484,West,High School,Employed,23426.47,41634.66,0.0676735451823251,0.014786966582601755,1,2,4,Lower-Middle
485,East,Diploma,Employed,28589.03,68199.85,0.083965271397912,0.025725983799334606,2,2,3,Lower-Middle
486,Central,Diploma,Unemployed,8314.5,28777.34,0.019984011730285235,0.009492577766220483,2,0,5,Low Income
487,North,Diploma,Employed,93145.18,933213.77,0.2876880603499747,0.3819215225322995,2,2,1,High Income
488,South,Bachelor,Self-Employed,112347.22,644479.63,0.3482848143752545,0.2630265427290851,3,1,2,High Income
489,Central,Diploma,Employed,110743.13,264537.66,0.34322271435023577,0.10657399143209097,2,2,5,High Income
490,Central,Diploma,Employed,29946.41,109695.62,0.08824881741587855,0.04281311709111932,2,2,5,Lower-Middle
491,East,High School,Employed,32045.48,96336.39,0.09487294841820142,0.037312051712995016,1,2,3,Lower-Middle
492,West,Diploma,Employed,14192.74,40099.65,0.038534241986110176,0.014154879975359077,2,2,4,Low Income
493,South,High School,Unemployed,18410.18,155894.89,0.0518434098816242,0.06183705819338472,1,0,2,Low Income
494,North,High School,Employed,14328.98,26328.47,0.038964180772218526,0.00848418177539412,1,2,1,Low Income
495,East,Bachelor,Employed,47051.05,600006.65,0.1422267105340557,0.24471345353606916,3,2,3,Upper-Middle
496,South,Bachelor,Employed,22839.47,175359.73,0.06582112249115067,0.06985229241083057,3,2,2,Lower-Middle
497,East,Bachelor,Employed,30208.7,275115.24,0.08907653794001508,0.110929628629919,3,2,3,Lower-Middle
498,North,Diploma,Unemployed,6186.79,20522.17,0.01326950017280863,0.006093262844811807,2,0,1,Low Income
499,Central,Diploma,Unemployed,7018.71,28534.62,0.015894828086338172,0.009392630494665285,2,0,5,Low Income
500,Central,Master,Employed,37795.86,66729.75,0.11301968503638828,0.02512062583990277,4,2,5,Upper-Middle
501,West,Bachelor,Self-Employed,33979.89,108281.93,0.10097745434330321,0.042230987648449306,3,1,4,Lower-Middle
502,East,Diploma,Self-Employed,56856.36,351216.81,0.17316977482366325,0.1422667425165654,2,1,3,High Income
503,South,High School,Employed,14833.5,154366.42,0.040556317562936296,0.06120766462814917,1,2,2,Low Income
504,Central,Diploma,Unemployed,11069.67,24156.58,0.02867862744756476,0.0075898406431511405,2,0,5,Low Income
505,West,Diploma,Employed,63864.38,225694.64,0.195285303389599,0.0905792078626944,2,2,4,High Income
506,North,Diploma,Employed,24646.29,100111.23,0.07152298682993738,0.03886645579406546,2,2,1,Lower-Middle
507,Central,Bachelor,Self-Employed,30952.74,55991.42,0.0914245389266274,0.020698794987235845,3,1,5,Lower-Middle
508,Central,Bachelor,Employed,36789.71,242159.16,0.10984453155985477,0.09735896994025689,3,2,5,Upper-Middle
509,Central,Bachelor,Self-Employed,87897.0,246059.15,0.2711261391926189,0.09896490830377266,3,1,5,High Income
510,West,Bachelor,Self-Employed,51114.9,201758.68,0.15505118745659272,0.08072285529984696,3,1,4,Upper-Middle
511,West,Master,Employed,37960.61,126821.67,0.11353959413071704,0.049865284073724286,4,2,4,Upper-Middle
512,East,Bachelor,Self-Employed,59946.29,160835.0,0.18292080795167115,0.06387129729886652,3,1,3,High Income
513,Central,Doctorate,Employed,33670.17,150209.81,0.10000005680342153,0.059496055249362724,5,2,5,Lower-Middle
514,Central,High School,Employed,39619.06,154340.95,0.11877324048877198,0.0611971765884058,1,2,5,Upper-Middle
515,North,High School,Self-Employed,37509.97,132012.83,0.11211748891512786,0.052002900579189326,1,1,1,Upper-Middle
516,North,High School,Unemployed,6898.44,19255.47,0.015515286558114063,0.005571660962482508,1,0,1,Low Income
517,South,Bachelor,Employed,26331.99,145252.79,0.07684262725670526,0.057454852941993984,3,2,2,Lower-Middle
518,Central,Master,Employed,31219.49,409892.04,0.09226633407632208,0.16642803596734665,4,2,5,Lower-Middle
519,Central,High School,Self-Employed,40206.25,197344.15,0.12062626277161818,0.07890503959162942,1,1,5,Upper-Middle
520,North,Master,Employed,99948.62,855882.49,0.3091579864727069,0.3500780385100889,4,2,1,High Income
521,East,High School,Self-Employed,21101.7,38309.94,0.0603371623888641,0.013417912970682698,1,1,3,Lower-Middle
522,South,Master,Employed,65420.11,324853.61,0.20019479155542663,0.13141090076696108,4,2,2,High Income
523,Central,Diploma,Employed,10371.06,22776.51,0.026473991985415907,0.007021555248230323,2,2,5,Low Income
524,Central,High School,Employed,19747.42,33886.67,0.05606339918238417,0.011596498304186506,1,2,5,Low Income
525,Central,Diploma,Self-Employed,35343.41,97956.21,0.10528037663950454,0.03797906139250449,2,1,5,Upper-Middle
526,East,High School,Employed,16514.47,160608.79,0.04586103131282301,0.0637781485171489,1,2,3,Low Income
527,East,High School,Employed,16272.62,135232.33,0.045097814229585295,0.0533286266865227,1,2,3,Low Income
528,South,Diploma,Unemployed,6791.23,35644.15,0.015176959067959359,0.012320193635485236,2,0,2,Low Income
529,North,Master,Employed,59705.43,98806.92,0.18216071505661788,0.03832936686129454,4,2,1,High Income
530,Central,Bachelor,Unemployed,11302.26,44586.02,0.029412622326168276,0.01600227796764273,3,0,5,Low Income
531,Central,Diploma,Employed,9543.47,52037.37,0.023862328450511214,0.019070595790248265,2,2,5,Low Income
532,Central,Bachelor,Self-Employed,14309.62,71882.34,0.03890308553661183,0.02724235998600771,3,1,5,Low Income
533,Central,Bachelor,Employed,29911.13,40437.79,0.08813748270966963,0.014294119306290496,3,2,5,Lower-Middle
534,East,High School,Employed,35032.99,88021.72,0.10430077007767426,0.033888235874243174,1,2,3,Upper-Middle
535,West,Diploma,Self-Employed,7933.28,34104.05,0.018780978377083327,0.01168601106741438,2,1,4,Low Income
536,Central,High School,Unemployed,6207.38,39422.16,0.013334476975553575,0.013875903059546906,1,0,5,Low Income
537,Central,High School,Self-Employed,22430.83,24117.88,0.06453155859247686,0.007573904752374994,1,1,5,Lower-Middle
538,South,Bachelor,Employed,89621.25,361481.86,0.27656743361384123,0.14649368607242266,3,2,2,High Income
539,East,High School,Unemployed,6611.61,32518.49,0.014610124035951263,0.011033108974933092,1,0,3,Low Income
540,North,Bachelor,Self-Employed,56710.58,441513.49,0.17270973022414127,0.17944912055089593,3,1,1,High Income
541,Central,Bachelor,Employed,45136.81,317365.95,0.13618585599852967,0.12832763120807436,3,2,5,Upper-Middle
542,West,High School,Unemployed,2531.41,16567.58,0.0017340506721864437,0.004464841286557583,1,0,4,Low Income
543,South,Bachelor,Self-Employed,70093.55,186768.42,0.21494297946316476,0.07455016418702971,3,1,2,High Income
544,West,High School,Self-Employed,33728.42,43734.59,0.1001838789870006,0.015651676017163815,1,1,4,Lower-Middle
545,West,Doctorate,Employed,81648.28,283421.86,0.25140676829177466,0.11435012963867736,5,2,4,High Income
546,South,Diploma,Employed,283245.76,2434205.3,0.8875971370065708,1.0,2,2,2,High Income
547,North,Master,Employed,16158.64,179145.86,0.04473812234144208,0.07141134548949435,4,2,1,Low Income
548,West,Bachelor,Employed,107833.66,766969.3,0.3340411670805743,0.3134653541587013,3,2,4,High Income
549,East,High School,Employed,23253.75,137763.43,0.06712848479523882,0.05437088335689745,1,2,3,Lower-Middle
550,West,Bachelor,Employed,48912.72,280564.39,0.1481016675212426,0.11317348028942378,3,2,4,Upper-Middle
551,East,Doctorate,Employed,60210.17,187985.36,0.18375354611137662,0.07505127589041789,5,2,3,High Income
552,Central,Bachelor,Employed,33071.66,136201.79,0.09811131147992101,0.05372783104496825,3,2,5,Lower-Middle
553,East,Master,Employed,37162.82,492849.57,0.11102197181590945,0.20058829790891877,4,2,3,Upper-Middle
554,East,Master,Unemployed,18283.04,44403.18,0.051442188380847506,0.015926988089877598,4,0,3,Low Income
555,Central,High School,Employed,11823.83,151369.4,0.0310585645800624,0.05997355136267308,1,2,5,Low Income
556,East,High School,Unemployed,12346.94,44884.38,0.032709366682243425,0.016125136685264715,1,0,3,Low Income
557,North,Bachelor,Employed,33218.26,352351.97,0.09857394379086849,0.14273417884146072,3,2,1,Lower-Middle
558,North,Diploma,Employed,17555.13,31529.27,0.049145089571421975,0.01062576784124888,2,2,1,Low Income
559,West,Master,Employed,39694.39,260355.39,0.11901096280789664,0.10485181577533771,4,2,4,Upper-Middle
560,West,Master,Employed,101509.16,281814.33,0.31408265377506706,0.11368818073688466,4,2,4,High Income
561,West,Diploma,Self-Employed,26782.81,47838.78,0.07826530050650979,0.01734169988188087,2,1,4,Lower-Middle
562,South,High School,Self-Employed,36489.42,188494.62,0.10889689270136624,0.07526097903606803,1,1,2,Upper-Middle
563,North,Bachelor,Employed,27937.8,241323.24,0.08191015516422626,0.09701475469949213,3,2,1,Lower-Middle
564,North,High School,Employed,41323.02,106933.57,0.12415050483094164,0.04167575980124197,1,2,1,Upper-Middle
565,South,Master,Employed,74124.51,125384.61,0.22766366391157447,0.049273531329570075,4,2,2,High Income
566,East,Diploma,Employed,90343.5,381427.19,0.27884667090293963,0.154706776521368,2,2,3,High Income
567,South,Bachelor,Employed,37918.78,160551.3,0.1134075892905606,0.06375447527785379,3,2,2,Upper-Middle
568,East,High School,Employed,39343.19,251824.06,0.11790266493883282,0.10133878365504685,1,2,3,Upper-Middle
569,Central,Bachelor,Self-Employed,48484.98,402820.29,0.14675182888082872,0.16351602987958933,3,1,5,Upper-Middle
570,South,Diploma,Unemployed,19998.17,86230.24,0.056854702401825385,0.03315054001874835,2,0,2,Low Income
571,East,Bachelor,Employed,28124.72,421039.25,0.08250002713941251,0.17101823547687536,3,2,3,Lower-Middle
572,West,High School,Unemployed,12309.15,63821.84,0.03259011105447599,0.02392320630122416,1,0,4,Low Income
573,South,Bachelor,Employed,37521.84,134255.67,0.11215494761588465,0.05292645751118859,3,2,2,Upper-Middle
574,West,Master,Employed,49078.13,77161.05,0.14862365940769431,0.029416027841277705,4,2,4,Upper-Middle
575,Central,High School,Employed,28646.36,108234.23,0.08414619029550151,0.042211345736562426,1,2,5,Lower-Middle
576,Central,High School,Self-Employed,34418.87,123959.32,0.10236276356472018,0.04868662523746845,1,1,5,Lower-Middle
577,North,High School,Unemployed,7665.0,64126.82,0.01793435493655815,0.02404879100326315,1,0,1,Low Income
578,Central,Bachelor,Employed,46997.71,284494.3,0.14205838306157315,0.11479173911423213,3,2,5,Upper-Middle
579,East,Bachelor,Employed,99481.49,207137.26,0.3076838430115003,0.08293764763604237,3,2,3,High Income
580,South,Bachelor,Employed,71808.58,359951.51,0.22035517790957856,0.14586351836055508,3,2,2,High Income
581,East,High School,Employed,43930.01,304628.48,0.13237750215916116,0.12308259423948431,1,2,3,Upper-Middle
582,Central,Diploma,Unemployed,7632.11,92349.91,0.017830562462430845,0.0356704984866051,2,0,5,Low Income
583,East,Bachelor,Employed,25608.5,204343.4,0.07455947684301226,0.08178719162043921,3,2,3,Lower-Middle
584,South,Diploma,Employed,55273.83,406201.72,0.16817571267466105,0.16490843554230722,2,2,2,High Income
585,West,Doctorate,Employed,99952.86,465799.17,0.30917136683422414,0.1894494808585039,5,2,4,High Income
586,South,High School,Self-Employed,67345.88,388481.1,0.20627203183819157,0.15761143645172362,1,1,2,High Income
587,North,Bachelor,Employed,29958.63,302474.09,0.08828738062760964,0.1221954592594011,3,2,1,Lower-Middle
588,North,Diploma,Self-Employed,31688.14,59718.22,0.09374527427090285,0.022233417151177454,2,1,1,Lower-Middle
589,North,Diploma,Employed,13265.52,47372.06,0.035608171513008366,0.017149513862680796,2,2,1,Low Income
590,North,Bachelor,Employed,33654.53,91284.22,0.09995070094159876,0.03523166852688337,3,2,1,Lower-Middle
591,North,Bachelor,Self-Employed,79474.06,455720.74,0.24454548300454249,0.1852993837092783,3,1,1,High Income
592,West,Doctorate,Employed,47765.35,476250.94,0.14448085964530932,0.19375331199900514,5,2,4,Upper-Middle
593,North,High School,Employed,38738.21,117777.02,0.11599350194103603,0.04614087698048224,1,2,1,Upper-Middle
594,South,High School,Employed,24527.28,23244.96,0.07114742154122072,0.007214453647043903,1,2,2,Lower-Middle
595,Central,Bachelor,Employed,49910.83,171107.93,0.1512514488028237,0.06810148568209627,3,2,5,Upper-Middle
596,East,Bachelor,Self-Employed,24436.71,198312.57,0.07086160565852964,0.07930381569874662,3,1,3,Lower-Middle
597,West,High School,Employed,28543.46,181433.15,0.08382146406905883,0.07235320604797939,1,2,4,Lower-Middle
598,North,High School,Employed,5256.36,31117.17,0.010333299756199713,0.010456073252389715,1,2,1,Low Income
599,North,High School,Employed,24575.99,91814.87,0.07130113791138616,0.03545017964937334,1,2,1,Lower-Middle
600,North,Master,Employed,20737.77,40471.04,0.059188691877792354,0.014307810995394032,4,2,1,Lower-Middle
601,North,High School,Self-Employed,58158.37,364348.61,0.17727858720549636,0.14767415674122153,1,1,1,High Income
602,South,Diploma,Employed,50121.91,130604.68,0.15191756359269273,0.05142305239840303,2,2,2,Upper-Middle
603,North,High School,Self-Employed,38727.19,717809.93,0.11595872562407396,0.2932225027131163,1,1,1,Upper-Middle
604,North,Diploma,Employed,75447.54,489932.32,0.2318388100667781,0.19938703234388747,2,2,1,High Income
605,North,High School,Employed,16161.93,49661.85,0.04474850474460046,0.01809240387147436,1,2,1,Low Income
606,East,Bachelor,Employed,109186.39,328867.85,0.3383100388813109,0.13306388500957697,3,2,3,High Income
607,South,High School,Employed,45479.79,191876.96,0.13726821363842578,0.07665375941869823,1,2,2,Upper-Middle
608,South,Master,Employed,44639.16,171217.6,0.1346153991803645,0.06814664560823117,4,2,2,Upper-Middle
609,East,High School,Self-Employed,55950.31,518223.14,0.17031051148577805,0.2110366296949883,1,1,3,High Income
610,West,Bachelor,Employed,22726.81,114975.12,0.06546559618725335,0.04498711025268681,3,2,4,Lower-Middle
611,North,Master,Self-Employed,35535.93,98986.52,0.1058879207902795,0.03840332257145981,4,1,1,Upper-Middle
612,West,Bachelor,Employed,29882.78,457633.59,0.08804801732075175,0.18608705731835196,3,2,4,Lower-Middle
613,West,Bachelor,Employed,31220.31,144476.85,0.09226892178774758,0.05713533627303164,3,2,4,Lower-Middle
614,North,Diploma,Self-Employed,20107.4,148536.94,0.0571994044981746,0.058807200634306105,2,1,1,Low Income
615,Central,Diploma,Employed,64044.61,193297.92,0.19585406342644804,0.07723888250286548,2,2,5,High Income
616,Central,Bachelor,Employed,36220.92,205544.39,0.10804957499680007,0.08228173543085894,3,2,5,Upper-Middle
617,North,Doctorate,Employed,74944.71,411155.77,0.23025200648619337,0.16694841486270942,5,2,1,High Income
618,South,Bachelor,Employed,30517.9,40046.5,0.09005229449216354,0.01413299386179959,3,2,2,Lower-Middle
619,Central,Bachelor,Self-Employed,16877.56,280314.94,0.04700685099755644,0.11307076173763801,3,1,5,Low Income
620,West,Bachelor,Employed,48450.28,502430.35,0.14664232450709147,0.2045334726797271,3,2,4,Upper-Middle
621,North,Diploma,Self-Employed,12559.21,43478.97,0.03337923680942502,0.015546416782016573,2,1,1,Low Income
622,South,High School,Unemployed,7868.29,17225.06,0.018575886467884984,0.004735578482100228,1,0,2,Low Income
623,South,Bachelor,Employed,19676.66,110536.77,0.05584009862083816,0.04315948594192953,3,2,2,Low Income
624,East,Doctorate,Self-Employed,202590.15,960581.16,0.6330685473395927,0.39319086976403556,5,1,3,High Income
625,West,High School,Employed,44961.75,253914.33,0.13563341116664382,0.10219951529361673,1,2,4,Upper-Middle
626,South,Bachelor,Unemployed,13279.19,67405.29,0.03565131055591868,0.02539879978447428,3,0,2,Low Income
627,East,High School,Employed,54576.39,339902.23,0.165974769434912,0.1376076233677808,1,2,3,Upper-Middle
628,West,Bachelor,Employed,26220.27,301051.54,0.07649006735371036,0.12160968144483762,3,2,4,Lower-Middle
629,North,High School,Employed,36725.68,238112.52,0.10964246916647165,0.09569264402164233,1,2,1,Upper-Middle
630,South,Diploma,Employed,36480.58,82640.84,0.10886899590990119,0.03167249644376391,2,2,2,Upper-Middle
631,West,Bachelor,Employed,48289.67,524729.83,0.14613548019971578,0.21371595530620896,3,2,4,Upper-Middle
632,Central,Diploma,Self-Employed,72384.26,942360.92,0.22217187756009862,0.38568813708819155,2,1,5,High Income
633,East,Bachelor,Employed,62481.93,2172674.71,0.19092264282841656,0.8923069013731014,3,2,3,High Income
634,East,Bachelor,Employed,48950.26,105692.46,0.1482201342125998,0.041164695372270854,3,2,3,Upper-Middle
635,North,Master,Employed,20461.17,107383.04,0.05831581263353538,0.04186084261331314,4,2,1,Lower-Middle
636,East,High School,Self-Employed,17669.63,20460.23,0.04950642244729842,0.006067757183967505,1,1,3,Low Income
637,East,Diploma,Unemployed,9165.27,58848.61,0.022668825449144656,0.021875329038054864,2,0,3,Low Income
638,South,High School,Unemployed,8601.57,26994.0,0.020889931631401838,0.008758233800930253,1,0,2,Low Income
639,South,Doctorate,Self-Employed,36472.96,570669.9,0.10884494912811797,0.23263316300048528,5,1,2,Upper-Middle
640,South,Master,Employed,191548.13,518862.74,0.5982227408584991,0.21130000426192427,4,2,2,High Income
641,North,Bachelor,Employed,96160.95,143746.94,0.29720506338125774,0.056834773843150076,3,2,1,High Income
642,South,Master,Employed,70801.63,233588.4,0.2171774998365324,0.09382970132969978,4,2,2,High Income
643,South,Bachelor,Self-Employed,47795.77,59315.47,0.14457685742770376,0.022067572706472215,3,1,2,Upper-Middle
644,South,Bachelor,Employed,37162.19,271376.32,0.11101998369615573,0.10939001569088161,3,2,2,Upper-Middle
645,North,High School,Employed,16135.27,18891.34,0.044664372565815603,0.0054217194661435415,1,2,1,Low Income
646,Central,Bachelor,Employed,43580.99,198962.92,0.13127608381559439,0.07957161690200931,3,2,5,Upper-Middle
647,East,High School,Unemployed,9415.47,10932.9,0.0234583930084834,0.0021445920607556864,1,0,3,Low Income
648,West,Master,Employed,25680.93,93462.02,0.07478804749977846,0.03612844327965574,4,2,4,Lower-Middle
649,West,Bachelor,Employed,50189.39,654583.69,0.15213051330853675,0.2671871938028738,3,2,4,Upper-Middle
650,East,Bachelor,Employed,38344.62,217247.09,0.11475143201425692,0.08710067468114321,3,2,3,Upper-Middle
651,North,High School,Employed,9537.85,24385.71,0.023844593160009683,0.007684191822829131,1,2,1,Low Income
652,East,Diploma,Employed,20362.04,89424.09,0.05800298356815869,0.03446570396591613,2,2,3,Low Income
653,East,High School,Employed,21694.95,98375.37,0.0622093084902938,0.03815166314903496,1,2,3,Lower-Middle
654,West,Diploma,Employed,92306.3,562461.18,0.28504076844678494,0.2292529752658092,2,2,4,High Income
655,East,High School,Unemployed,11097.21,20455.17,0.028765536682513554,0.0060656735765430275,1,0,3,Low Income
656,North,Master,Employed,24390.7,160672.9,0.07071640980159448,0.063804547740861,4,2,1,Lower-Middle
657,South,Bachelor,Self-Employed,60017.54,46376.01,0.18314565482858117,0.016739360270753668,3,1,2,High Income
658,South,Diploma,Unemployed,4186.62,12459.32,0.0069574724143650546,0.0027731414767382316,2,0,2,Low Income
659,West,Diploma,Employed,59285.47,193443.65,0.18083542811728973,0.07729889122025069,2,2,4,High Income
660,East,Diploma,Employed,25223.24,170618.19,0.07334369427742135,0.0678998204844552,2,2,3,Lower-Middle
661,South,Bachelor,Employed,39666.49,180407.25,0.11892291750451713,0.07193076081936833,3,2,2,Upper-Middle
662,Central,Bachelor,Self-Employed,95250.0,171209.68,0.2943303368897324,0.0681433843096537,3,1,5,High Income
663,West,Master,Employed,25047.57,59176.9,0.07278932444069458,0.02201051233477065,4,2,4,Lower-Middle
664,South,Diploma,Employed,15157.1,77293.59,0.04157751685231287,0.029470605178835076,2,2,2,Low Income
665,North,Doctorate,Employed,44785.9,190661.5,0.13507847329570172,0.07615325714989271,5,2,1,Upper-Middle
666,North,Master,Employed,90001.41,276827.53,0.27776712187666386,0.11163471561744064,4,2,1,High Income
667,South,High School,Employed,11809.71,38720.92,0.031014005451613706,0.013587146365803635,1,2,2,Low Income
668,North,Master,Employed,10708.43,75455.3,0.027538645892266882,0.028713633895763216,4,2,1,Low Income
669,North,High School,Self-Employed,23376.6,74831.23,0.0675161681472163,0.02845665427414385,1,1,1,Lower-Middle
670,South,Master,Employed,68866.81,291463.57,0.21107170005571785,0.11766154597494195,4,2,2,High Income
671,North,Diploma,Employed,63245.76,1161522.44,0.19333309602126114,0.4759344948415274,2,2,1,High Income
672,Central,Master,Employed,39408.37,70006.25,0.11810835643970292,0.026469823414270774,4,2,5,Upper-Middle
673,North,Master,Employed,40545.81,54529.11,0.1216978277614226,0.02009664479496541,4,2,1,Upper-Middle
674,East,Master,Employed,95905.41,715295.45,0.2963986441401969,0.29218708982839264,4,2,3,High Income
675,East,Bachelor,Self-Employed,16427.54,47362.99,0.04558670234426458,0.01714577901696143,3,1,3,Low Income
676,Central,Diploma,Employed,26395.61,96191.72,0.07704339579437566,0.037252479482540624,2,2,5,Lower-Middle
677,North,High School,Employed,30243.94,81576.74,0.08918774641639836,0.031234321214438414,1,2,1,Lower-Middle
678,South,Diploma,Employed,41844.25,158393.79,0.1257953741313179,0.06286605554378552,2,2,2,Upper-Middle
679,Central,High School,Employed,20576.9,260660.52,0.05868102707655007,0.1049774622443952,1,2,5,Lower-Middle
680,Central,Bachelor,Employed,42561.46,321286.31,0.1280587064623864,0.1299419575327041,3,2,5,Upper-Middle
681,Central,Diploma,Employed,8317.02,65284.15,0.01999196420930016,0.024525356493494594,2,2,5,Low Income
682,South,Doctorate,Employed,42984.36,76729.69,0.12939327129389863,0.029238402367241574,5,2,2,Upper-Middle
683,North,Bachelor,Employed,53593.96,113657.15,0.16287447024497928,0.04444439640343004,3,2,1,Upper-Middle
684,West,Master,Employed,29620.16,20969.19,0.08721925540055374,0.006277336795580611,4,2,4,Lower-Middle
685,Central,High School,Employed,28134.71,74508.0,0.08253155303836453,0.028323554584852542,1,2,5,Lower-Middle
686,East,Master,Employed,65007.12,542589.95,0.19889150016321516,0.22107039772400885,4,2,3,High Income
687,East,Master,Employed,42111.25,264100.62,0.1266379582174228,0.10639402704695385,4,2,3,Upper-Middle
688,South,Diploma,Employed,35896.48,139303.59,0.10702572488108521,0.055005090631775715,2,2,2,Upper-Middle
689,West,Bachelor,Employed,24594.03,108636.62,0.07135806756274696,0.042377041940423237,3,2,4,Lower-Middle
690,North,Bachelor,Employed,37276.77,106761.22,0.11138156903168343,0.04160478949697146,3,2,1,Upper-Middle
691,South,High School,Employed,38098.75,195053.67,0.113975528833543,0.07796186545455071,1,2,2,Upper-Middle
692,East,Bachelor,Employed,45528.65,335681.46,0.13742240337043735,0.1358695941762761,3,2,3,Upper-Middle
693,East,Diploma,Employed,23671.98,37112.94,0.06844831229460828,0.012925012162955397,2,2,3,Lower-Middle
694,South,High School,Employed,30811.31,167779.87,0.09097822182064307,0.06673105672456502,1,2,2,Lower-Middle
695,North,Diploma,Unemployed,14526.1,119346.34,0.03958624135294137,0.04678709176375927,2,0,1,Low Income
696,West,High School,Employed,8820.64,30183.01,0.021581260828941164,0.010071404732300712,1,2,4,Low Income
697,South,High School,Self-Employed,56676.72,400542.13,0.17260287667674235,0.16257792887363107,1,1,2,High Income
698,East,High School,Employed,22637.83,632163.33,0.06518479794013123,0.25795493519507356,1,2,3,Lower-Middle
699,North,Doctorate,Employed,78014.32,326708.91,0.23993891486277938,0.1321748764299322,5,2,1,High Income
700,East,Bachelor,Self-Employed,88748.16,513603.87,0.2738121836522782,0.20913450612430284,3,1,3,High Income
701,East,Doctorate,Employed,29033.56,80536.89,0.08536809500763563,0.030806131653105716,5,2,3,Lower-Middle
702,North,Diploma,Unemployed,6637.39,33466.07,0.01469147915857218,0.011423303584278318,2,0,1,Low Income
703,South,Diploma,Employed,27887.61,168571.34,0.0817517682905124,0.06705696833884399,2,2,2,Lower-Middle
704,North,Bachelor,Employed,27138.2,138046.4,0.07938682094980874,0.05448740477842009,3,2,1,Lower-Middle
705,North,Diploma,Self-Employed,93355.01,215639.4,0.2883502304577926,0.08643865989453076,2,1,1,High Income
706,Central,High School,Unemployed,5100.64,26140.9,0.00984188704500775,0.00840694417764524,1,0,5,Low Income
707,South,Bachelor,Employed,30767.41,356695.82,0.09083968458701008,0.14452288993055534,3,2,2,Lower-Middle
708,Central,High School,Employed,30477.13,182836.04,0.08992363474238638,0.07293088826531653,1,2,5,Lower-Middle
709,South,Bachelor,Employed,21559.67,180569.57,0.06178239922000066,0.071997600969001,3,2,2,Lower-Middle
710,West,Bachelor,Employed,33595.17,129066.08,0.09976337588035836,0.050789487500517295,3,2,4,Lower-Middle
711,West,High School,Unemployed,9729.76,70996.06,0.024450212305943735,0.0268774074982278,1,0,4,Low Income
712,East,High School,Employed,22680.13,121877.12,0.06531828598073884,0.04782921666449452,1,2,3,Lower-Middle
713,East,Bachelor,Employed,39671.93,95827.71,0.11894008476080332,0.03710258739981647,3,2,3,Upper-Middle
714,East,Diploma,Employed,24428.53,134665.02,0.07083579165918755,0.05309501970470835,2,2,3,Lower-Middle
715,South,High School,Employed,11841.43,27854.7,0.03111410570334123,0.009112652953153217,1,2,2,Low Income
716,Central,Doctorate,Employed,73681.31,218847.91,0.22626503744355317,0.08775986053830781,5,2,5,High Income
717,Central,High School,Self-Employed,78656.17,398676.17,0.24196443020235398,0.16180956363454432,1,1,5,High Income
718,Central,Bachelor,Unemployed,12656.3,68811.02,0.0336856281536944,0.02597765145736192,3,0,5,Low Income
719,North,Doctorate,Employed,69879.21,144570.47,0.21426657694250661,0.05717388712818572,5,2,1,High Income
720,West,High School,Employed,39867.45,354479.65,0.1195570961485008,0.14361031517444758,1,2,4,Upper-Middle
721,Central,High School,Unemployed,4065.18,26423.72,0.006574238663741163,0.008523403832149364,1,0,5,Low Income
722,North,High School,Unemployed,20842.06,59080.42,0.0595178045906758,0.021970783788463608,1,0,1,Lower-Middle
723,North,Diploma,Self-Employed,40184.25,66290.39,0.12055683636751965,0.02493970612487932,2,1,1,Upper-Middle
724,West,High School,Employed,66825.45,272570.15,0.20462968713432797,0.10988161115561769,1,2,4,High Income
725,East,Bachelor,Employed,27905.91,93594.82,0.08180951843573979,0.036183127680045196,3,2,3,Lower-Middle
726,Central,High School,Employed,74031.95,357107.93,0.22737156809505812,0.14469258863721574,1,2,5,High Income
727,North,Bachelor,Employed,63965.39,226402.94,0.1956040652567805,0.09087087172410897,3,2,1,High Income
728,West,Doctorate,Employed,83683.77,101717.37,0.25783025698625284,0.03952783232148662,5,2,4,High Income
729,South,Master,Employed,57825.53,201341.98,0.17622822882639838,0.0805512665224201,4,2,2,High Income
730,North,Bachelor,Employed,36427.21,133842.48,0.10870057376504944,0.052756314081994896,3,2,1,Upper-Middle
731,North,Diploma,Self-Employed,69580.67,470768.5,0.21332446063888955,0.1914957521791919,2,1,1,High Income
732,Central,Bachelor,Employed,45114.54,128428.82,0.13611557754310813,0.0505270764990701,3,2,5,Upper-Middle
733,West,Bachelor,Employed,14155.71,188907.34,0.03841738472502978,0.07543092892860372,3,2,4,Low Income
734,East,Diploma,Unemployed,5303.99,6861.27,0.010483607921073033,0.0004679757568570142,2,0,3,Low Income
735,South,High School,Unemployed,7377.06,77527.6,0.017025689536734015,0.029566965845515335,1,0,2,Low Income
736,Central,Master,Employed,60293.02,233553.0,0.1840149996377204,0.09381512431333092,4,2,5,High Income
737,South,Diploma,Unemployed,9504.71,74479.03,0.023740011749472167,0.028311625314677222,2,0,2,Low Income
738,Central,High School,Employed,53249.93,251355.29,0.1617887990721603,0.10114575348659378,1,2,5,Upper-Middle
739,East,Diploma,Unemployed,3352.83,31516.65,0.004326243256487139,0.010620571176091389,2,0,3,Low Income
740,South,Diploma,Employed,35369.77,123232.43,0.10536356209459713,0.04838730638355959,2,2,2,Upper-Middle
741,East,Master,Employed,18705.7,41047.3,0.05277599583340591,0.014545103409312943,4,2,3,Low Income
742,South,Bachelor,Employed,63424.39,715639.3,0.19389680686508481,0.2923286804238288,3,2,2,High Income
743,West,Bachelor,Employed,39648.55,165057.18,0.11886630342772044,0.06560990710034525,3,2,4,Upper-Middle
744,East,High School,Employed,34306.96,177569.35,0.10200960407005351,0.07076217000712998,1,2,3,Lower-Middle
745,South,Diploma,Employed,20322.91,203229.84,0.05787949924123251,0.08132864974620962,2,2,2,Low Income
746,Central,Diploma,Self-Employed,72667.93,166522.3,0.22306706792603637,0.06621321439476249,2,1,5,High Income
747,South,High School,Employed,48303.85,318805.23,0.14618022867290292,0.12892029810410255,1,2,2,Upper-Middle
748,East,High School,Employed,37543.94,114672.52,0.11222468959454729,0.04486250558734155,1,2,3,Upper-Middle
749,Central,Bachelor,Self-Employed,42780.5,175945.15,0.12874994098755652,0.07009335673067994,3,1,5,Upper-Middle
750,West,High School,Self-Employed,41214.67,193596.4,0.12380857979075639,0.07736179063410227,1,1,4,Upper-Middle
751,North,Bachelor,Employed,28310.02,47850.02,0.08308478680666058,0.01734632829046805,3,2,1,Lower-Middle
752,Central,High School,Self-Employed,47962.93,129565.21,0.14510437186902697,0.05099501931351724,1,1,5,Upper-Middle
753,West,High School,Employed,67476.35,727762.35,0.20668376197195226,0.2973207114489904,1,2,4,High Income
754,South,High School,Employed,49077.39,391279.72,0.14862132415592008,0.15876385254071423,1,2,2,Upper-Middle
755,North,Doctorate,Self-Employed,45463.14,195622.38,0.13721567047350575,0.07819604892853783,5,1,1,Upper-Middle
756,West,Master,Employed,62022.45,325553.45,0.1894726408213623,0.13169908096853156,4,2,4,High Income
757,West,Doctorate,Employed,30315.08,112211.74,0.0894122461612879,0.04384920529524532,5,2,4,Lower-Middle
758,East,Diploma,Unemployed,13433.16,145402.46,0.036137200712239165,0.05751648407306544,2,0,3,Low Income
759,Central,High School,Self-Employed,38386.46,151029.57,0.11488346841186975,0.05983361612333309,1,1,5,Upper-Middle
760,West,Bachelor,Employed,14933.51,77812.73,0.04087192368447694,0.02968437671210454,3,2,4,Low Income
761,North,Diploma,Employed,17251.57,162848.9,0.048187131424687876,0.06470058128941122,2,2,1,Low Income
762,South,Master,Employed,43509.99,117648.23,0.13105202587509457,0.046087843818387667,4,2,2,Upper-Middle
763,South,High School,Self-Employed,25391.13,313441.54,0.07387351241306236,0.12671163717394476,1,1,2,Lower-Middle
764,West,Diploma,Employed,16804.92,27851.08,0.046777617634205654,0.009111162309106456,2,2,4,Low Income
765,North,High School,Employed,33733.82,436054.96,0.10020092001346115,0.17720140639383353,1,2,1,Lower-Middle
766,East,Diploma,Unemployed,11259.61,39606.09,0.02927802977458635,0.013951641777646554,2,0,3,Low Income
767,West,Bachelor,Employed,37530.68,143653.56,0.11218284440734971,0.05679632181522561,3,2,4,Upper-Middle
768,Central,Diploma,Employed,21567.74,28295.2,0.06180786608732226,0.009294042097517358,2,2,5,Lower-Middle
769,South,Diploma,Employed,58187.65,194038.49,0.17737098743786023,0.07754383450886264,2,2,2,High Income
770,Central,Diploma,Employed,81235.97,185208.81,0.250105622806599,0.07390794778875104,2,2,5,High Income
771,North,Diploma,Employed,25051.29,75637.73,0.07280106381447851,0.02878875494367774,2,2,1,Lower-Middle
772,Central,Bachelor,Employed,29824.04,122249.33,0.08786264882180868,0.047982485344230684,3,2,5,Lower-Middle
773,North,Master,Employed,66611.76,556376.76,0.20395533584833636,0.2267475320473028,4,2,1,High Income
774,South,Doctorate,Employed,50701.57,260056.54,0.15374682311086338,0.10472875528545525,5,2,2,Upper-Middle
775,West,Bachelor,Employed,38680.6,211733.42,0.1158116994346671,0.08483025496807572,3,2,4,Upper-Middle
776,North,Diploma,Employed,49091.87,107943.27,0.1486670193527995,0.04209153419185371,2,2,1,Upper-Middle
777,South,Bachelor,Employed,14612.26,36942.8,0.03985814039735634,0.012854951892757633,3,2,2,Low Income
778,West,Diploma,Employed,67488.05,973718.07,0.2067206841959501,0.3986003881851223,2,2,4,High Income
779,West,High School,Employed,28347.45,78779.78,0.08320290636599731,0.030082588680452653,1,2,4,Lower-Middle
780,West,Master,Employed,40544.32,533218.38,0.12169312570041775,0.21721137147282013,4,2,4,Upper-Middle
781,West,High School,Employed,25932.16,99235.33,0.07558086547712728,0.0385057775839666,1,2,4,Lower-Middle
782,East,Master,Self-Employed,54782.09,245881.69,0.16662390631323323,0.09889183380307151,4,1,3,Upper-Middle
783,South,Diploma,Unemployed,3783.88,34004.31,0.005686527414972221,0.011644940117905003,2,0,2,Low Income
784,South,Bachelor,Self-Employed,104536.14,1070908.81,0.3236350327149839,0.43862160309708065,3,1,2,High Income
785,North,Bachelor,Self-Employed,46995.22,195981.0,0.14205052525492745,0.07834372151639678,3,1,1,Upper-Middle
786,Central,Master,Employed,64868.89,225881.42,0.19845528144328153,0.09065612015414579,4,2,5,High Income
787,East,Bachelor,Unemployed,21144.64,91381.05,0.06047267010668188,0.03527154119623361,3,0,3,Lower-Middle
788,East,Bachelor,Employed,23816.23,132958.85,0.06890352860329979,0.052392452811542034,3,2,3,Lower-Middle
789,East,High School,Unemployed,10601.54,84804.34,0.02720132824071725,0.03256338274077144,1,0,3,Low Income
790,Central,Bachelor,Unemployed,10813.89,48597.92,0.02787145082755011,0.017654298644769844,3,0,5,Low Income
791,North,High School,Self-Employed,47731.75,319856.64,0.14437482659177703,0.12935324784366192,1,1,1,Upper-Middle
792,East,Bachelor,Unemployed,3888.64,50551.53,0.006017123328306861,0.018458756411673882,3,0,3,Low Income
793,East,Bachelor,Employed,39547.59,227092.18,0.11854769934782097,0.09115468705637125,3,2,3,Upper-Middle
794,West,Bachelor,Employed,29977.75,164519.61,0.08834771848426255,0.06538854645940126,3,2,4,Lower-Middle
795,North,High School,Employed,34546.54,57686.05,0.10276565761068653,0.021396609937777963,1,2,1,Lower-Middle
796,Central,High School,Employed,35271.91,28591.58,0.10505474082618432,0.009416085490494983,1,2,5,Upper-Middle
797,Central,Bachelor,Employed,28298.6,163245.72,0.08304874819144217,0.06486398387798462,3,2,5,Lower-Middle
798,East,High School,Self-Employed,20250.45,85331.29,0.05765083391209708,0.03278037027680477,1,1,3,Low Income
799,West,High School,Unemployed,7688.49,24658.35,0.018008483401661536,0.007796459555676893,1,0,4,Low Income
800,Central,High School,Employed,16633.35,87330.9,0.046236186354606336,0.03360376992938588,1,2,5,Low Income
801,West,Doctorate,Employed,98097.71,422716.44,0.3033169853086155,0.17170886898206514,5,2,4,High Income
802,North,Bachelor,Unemployed,10226.37,95395.06,0.026017387148642438,0.03692443072942113,3,0,1,Low Income
803,East,Diploma,Unemployed,1981.92,9393.69,0.0,0.0015107759769946681,2,0,3,Low Income
804,West,High School,Unemployed,6648.81,18337.31,0.014727517773790598,0.00519358092436814,1,0,4,Low Income
805,East,Diploma,Employed,18461.46,157479.2,0.05200523651808659,0.06248944556071174,2,2,3,Low Income
806,West,Bachelor,Unemployed,5108.12,19879.64,0.00986549202240125,0.005828681762114211,3,0,4,Low Income
807,Central,Bachelor,Employed,21145.39,133442.51,0.06047503691591251,0.05259161438603275,3,2,5,Lower-Middle
808,Central,High School,Employed,28925.9,95051.65,0.08502834743194257,0.03678302131723932,1,2,5,Lower-Middle
809,East,High School,Employed,56560.74,166156.09,0.17223687329731743,0.06606241639576682,1,2,3,High Income
810,North,High School,Self-Employed,35592.12,168482.79,0.10606524213783844,0.06702050520891563,1,1,1,Upper-Middle
811,Central,Bachelor,Employed,29917.09,135201.8,0.08815629095368904,0.05331605503935485,3,2,5,Lower-Middle
812,Central,Bachelor,Employed,53664.62,328534.39,0.1630974552319612,0.13292657280962314,3,2,5,Upper-Middle
813,North,High School,Self-Employed,23274.84,87597.57,0.06719503947080417,0.03371357933489686,1,1,1,Lower-Middle
814,Central,High School,Employed,18588.3,25251.83,0.05240551129517102,0.008040842823321003,1,2,5,Low Income
815,Central,High School,Employed,14435.11,48830.76,0.03929910005708113,0.017750177528705707,1,2,5,Low Income
816,East,Doctorate,Employed,23555.68,176858.32,0.06808129907657834,0.07046938198597848,5,2,3,Lower-Middle
817,East,High School,Employed,21979.38,81191.48,0.06310689722291858,0.03107567880409169,1,2,3,Lower-Middle
818,South,Bachelor,Employed,45555.72,173953.32,0.13750782940493494,0.06927316072745901,3,2,2,Upper-Middle
819,North,Bachelor,Employed,39601.37,336974.9,0.1187174153483855,0.1364022070591055,3,2,1,Upper-Middle
820,South,Diploma,Employed,26000.15,73355.66,0.07579542462324816,0.02784904387743694,2,2,2,Lower-Middle
821,Central,High School,Unemployed,4857.04,7985.34,0.00907314740689856,0.0009308454401836868,1,0,5,Low Income
822,North,High School,Employed,38057.5,153651.64,0.11384535432585825,0.06091333243153487,1,2,1,Upper-Middle
823,South,Bachelor,Employed,20238.45,66212.63,0.057612964964406974,0.024907686102482604,3,2,2,Low Income
824,South,Bachelor,Employed,63996.09,153049.57,0.19570094664795434,0.06066541197263063,3,2,2,High Income
825,East,Bachelor,Employed,24065.69,96234.81,0.0696907609108643,0.03727022308805856,3,2,3,Lower-Middle
826,Central,Bachelor,Self-Employed,30370.67,187345.78,0.08958767406146231,0.07478790955908438,3,1,5,Lower-Middle
827,South,High School,Self-Employed,13371.71,59567.12,0.035943280142609405,0.022171197174529506,1,1,2,Low Income
828,South,Doctorate,Employed,46857.06,256374.53,0.14161452743718866,0.10321257675324139,5,2,2,Upper-Middle
829,West,Bachelor,Employed,71409.33,1040174.26,0.21909524646247225,0.4259657263049878,3,2,4,High Income
830,East,High School,Employed,36167.4,129708.15,0.1078806794901022,0.05105387916435812,1,2,3,Upper-Middle
831,South,Doctorate,Employed,105742.31,567892.26,0.3274413984345987,0.23148938605848388,5,2,2,High Income
832,East,Bachelor,Employed,55655.73,179145.15,0.16938089193489875,0.07141105312560674,3,2,3,High Income
833,North,Bachelor,Employed,22759.63,58841.92,0.06556916775918581,0.02187257422902922,3,2,1,Lower-Middle
834,North,Bachelor,Employed,34815.84,106685.2,0.10361549991176534,0.041573485971989475,3,2,1,Upper-Middle
835,East,Master,Employed,33102.45,108680.7,0.09820847688820253,0.042395193208263356,4,2,3,Lower-Middle
836,East,Bachelor,Unemployed,26045.63,147452.97,0.07593894793499366,0.05836084333392836,3,0,3,Lower-Middle
837,Central,High School,Unemployed,4230.65,87291.66,0.0070964198949313405,0.033587611677343095,1,0,5,Low Income
838,South,Diploma,Employed,53432.43,150353.57,0.162364722651614,0.059555252759904816,2,2,2,Upper-Middle
839,East,Master,Employed,83083.12,284017.29,0.25593475836708085,0.11459531587756212,4,2,3,High Income
840,West,High School,Employed,74504.07,320481.26,0.22886145872701263,0.12961045394434917,1,2,4,High Income
841,North,Diploma,Employed,26090.12,151233.64,0.07607934705855472,0.05991764809311832,2,2,1,Lower-Middle
842,West,Diploma,Self-Employed,53195.38,282952.65,0.16161665314745233,0.11415691828697,2,1,4,Upper-Middle
843,North,Diploma,Unemployed,34391.86,355129.38,0.10227752687496103,0.14387786107403375,2,0,1,Lower-Middle
844,Central,Bachelor,Unemployed,8920.31,8257.95,0.021895793996963918,0.001043100819627747,3,0,5,Low Income
845,North,Master,Employed,21855.33,20758.18,0.0627154269761721,0.006190447071738893,4,2,1,Lower-Middle
846,East,High School,Employed,9684.8,31444.9,0.02430832998193146,0.01059102595223639,1,2,3,Low Income
847,North,High School,Unemployed,12092.45,110589.64,0.03190626097410547,0.04318125675705446,1,0,1,Low Income
848,Central,High School,Employed,9668.08,15660.76,0.02425556591481658,0.0040914308350427355,1,2,5,Low Income
849,East,Master,Employed,41427.36,26284.53,0.12447977533110714,0.008466088156771282,4,2,3,Upper-Middle
850,East,Bachelor,Employed,53118.69,345086.62,0.16137463901425617,0.13974245212181033,3,2,3,Upper-Middle
851,North,High School,Self-Employed,33172.44,174181.28,0.0984293475256051,0.0693670301243926,1,1,1,Lower-Middle
852,West,Master,Employed,64245.5,141751.6,0.19648802116823685,0.05601313249169595,4,2,4,High Income
853,South,Master,Employed,57453.53,135690.38,0.17505429144800505,0.05351724257205277,4,2,2,High Income
854,Central,Master,Self-Employed,113001.75,269635.19,0.35035034456955505,0.10867305296460071,4,1,5,High Income
855,South,Master,Employed,30112.58,145008.3,0.08877320766901733,0.05735417681962034,4,2,2,Lower-Middle
856,North,High School,Employed,18769.16,55986.48,0.05297625945177376,0.020696760793426177,1,2,1,Low Income
857,North,Bachelor,Employed,27304.29,168710.69,0.07991095874329626,0.06711434989904182,3,2,1,Lower-Middle
858,East,Diploma,Employed,51598.35,36161.04,0.15657683268665792,0.012533038663477018,2,2,3,Upper-Middle
859,East,Master,Employed,83424.01,214215.48,0.2570105204985876,0.08585231794119821,4,2,3,High Income
860,North,Bachelor,Employed,53526.7,115381.67,0.16266221479317622,0.045154519461861026,3,2,1,Upper-Middle
861,West,Bachelor,Self-Employed,88079.37,334158.99,0.2717016525251393,0.13524267129178102,3,1,4,High Income
862,East,Bachelor,Employed,21847.45,69017.02,0.06269055970052226,0.02606247816278533,3,2,3,Lower-Middle
863,East,High School,Unemployed,20441.42,153878.25,0.05825348665712874,0.061006645925301854,1,0,3,Lower-Middle
864,East,Bachelor,Employed,96523.64,129181.59,0.29834962076773486,0.05083705222257292,3,2,3,High Income
865,East,Doctorate,Employed,92523.72,427106.97,0.28572689066401685,0.17351680196732072,5,2,3,High Income
866,East,Master,Employed,135464.06,872728.96,0.42123568143530377,0.3570150800057896,4,2,3,High Income
867,North,High School,Employed,10950.88,164061.38,0.028303756422889098,0.06519985645344899,1,2,1,Low Income
868,North,High School,Unemployed,6123.56,20065.38,0.013069962375938172,0.005905165802237243,1,0,1,Low Income
869,Central,High School,Employed,18176.79,100589.07,0.05110689040650801,0.03906322080823791,1,2,5,Low Income
870,Central,Bachelor,Employed,62104.61,86168.91,0.18973191688321395,0.03312528554377933,3,2,5,High Income
871,South,Master,Self-Employed,31388.76,29715.78,0.09280050714094745,0.0098790087052377,4,1,2,Lower-Middle
872,South,High School,Unemployed,12394.0,96189.08,0.032857876072101465,0.03725139238301481,1,0,2,Low Income
873,West,Bachelor,Self-Employed,97622.86,435936.89,0.30181847949106155,0.17715278751466196,3,1,4,High Income
874,East,Master,Employed,74520.82,718461.27,0.22891431746649674,0.29349071157870116,4,2,3,High Income
875,North,Bachelor,Self-Employed,53698.22,98560.24,0.1632034882854935,0.038227788940450626,3,1,1,Upper-Middle
876,North,Bachelor,Employed,24256.3,152415.87,0.07029227758746527,0.06040446690842278,3,2,1,Lower-Middle
877,West,Bachelor,Employed,26212.56,395824.24,0.07646573655481946,0.16063519554717445,3,2,4,Lower-Middle
878,West,Bachelor,Employed,83037.89,488874.42,0.25579202399174555,0.19895141015132714,3,2,4,High Income
879,North,High School,Employed,41812.89,224299.6,0.1256964099480211,0.09000475811932607,1,2,1,Upper-Middle
880,South,Bachelor,Employed,40876.12,184215.72,0.12274020210404923,0.07349901306598922,3,2,2,Upper-Middle
881,South,Bachelor,Employed,33186.94,53575.05,0.09847510583739731,0.01970378185042046,3,2,2,Lower-Middle
882,West,Master,Self-Employed,18353.73,198532.98,0.05166526804019864,0.07939457615574842,4,1,4,Low Income
883,North,Bachelor,Employed,23174.16,69824.18,0.06687731899968416,0.026394850607200673,3,2,1,Lower-Middle
884,North,Bachelor,Employed,119496.51,743375.49,0.37084615512787206,0.30374989216508014,3,2,1,High Income
885,West,High School,Employed,13467.94,21853.03,0.036246957545627664,0.006641284539859389,1,2,4,Low Income
886,North,Diploma,Unemployed,10882.17,22657.18,0.028086925139906828,0.006972417526103257,2,0,1,Low Income
887,West,High School,Employed,47401.64,539943.03,0.14333308339827858,0.21998044867974026,1,2,4,Upper-Middle
888,South,High School,Employed,13658.41,48842.9,0.0368480324178389,0.01775517653940396,1,2,2,Low Income
889,North,Bachelor,Self-Employed,50851.4,586127.13,0.1542196484802308,0.23899814307753345,3,1,1,Upper-Middle
890,South,Doctorate,Employed,103412.57,440485.09,0.3200893315853027,0.17902564587197634,5,2,2,High Income
891,West,High School,Employed,27424.51,37121.77,0.0802903424842383,0.012928648181445146,1,2,4,Lower-Middle
892,Central,Diploma,Self-Employed,174132.42,1393620.04,0.5432631899438252,0.5715076732137647,2,1,5,High Income
893,Central,Master,Employed,20307.44,62026.23,0.057830679856168674,0.023183809793819635,4,2,5,Low Income
894,South,High School,Self-Employed,53633.48,378539.8,0.16299918531270538,0.15351780671082185,1,1,2,Upper-Middle
895,West,Bachelor,Employed,37976.43,173010.58,0.11358951802675517,0.0688849591339111,3,2,4,Upper-Middle
896,South,Bachelor,Self-Employed,70236.84,115450.99,0.21539516625604102,0.04518306406001613,3,1,2,High Income
897,South,Bachelor,Employed,53235.51,265474.09,0.16174329322001935,0.10695959469306014,3,2,2,Upper-Middle
898,Central,High School,Employed,18198.27,339974.83,0.0511746758228733,0.13763751860474072,1,2,5,Low Income
899,North,Diploma,Employed,37070.9,228897.31,0.11073189567660323,0.0918980037105507,2,2,1,Upper-Middle
900,North,Bachelor,Employed,15031.69,64895.23,0.041181754791494836,0.02436520696789618,3,2,1,Low Income
901,South,Bachelor,Employed,58194.61,524668.14,0.17739295142752048,0.21369055259039552,3,2,2,High Income
902,North,High School,Unemployed,9627.05,49477.17,0.024126085671172817,0.01801635631828215,1,0,1,Low Income
903,North,Bachelor,Employed,59339.18,304742.47,0.18100492321565936,0.12312953305575235,3,2,1,High Income
904,East,High School,Employed,48741.35,107444.17,0.14756086739077143,0.041886014732257476,1,2,3,Upper-Middle
905,East,Bachelor,Employed,51121.11,266719.82,0.15507078463702234,0.10747256154620143,3,2,3,Upper-Middle
906,Central,High School,Employed,29547.88,259576.18,0.08699115810563365,0.1045309525853718,1,2,5,Lower-Middle
907,Central,Doctorate,Unemployed,11407.97,29691.83,0.029746216197861716,0.00986914657128192,5,0,5,Low Income
908,South,Diploma,Employed,22090.83,249906.01,0.06345860507459047,0.10054896878933145,2,2,2,Lower-Middle
909,South,Diploma,Employed,62776.97,265066.14,0.19185371402229068,0.10679160899171314,2,2,2,High Income
910,South,High School,Employed,60012.15,151032.77,0.183128645359577,0.059834933819728015,1,2,2,High Income
911,East,Diploma,Employed,28672.07,245767.1,0.08422732451592756,0.09884464791872943,2,2,3,Lower-Middle
912,South,Master,Employed,52144.49,193950.36,0.15830031161094754,0.0775075443265861,4,2,2,Upper-Middle
913,West,Doctorate,Employed,37537.3,275619.08,0.11220373544349209,0.11113709992730023,5,2,4,Upper-Middle
914,East,Diploma,Unemployed,18688.86,69288.89,0.05272285307681414,0.026174428824938062,2,0,3,Low Income
915,East,Diploma,Employed,47127.82,203156.47,0.14246897712690312,0.0812984374385547,2,2,3,Upper-Middle
916,East,Bachelor,Employed,121471.09,750312.98,0.3770774273553665,0.30660661265346784,3,2,3,High Income
917,South,Master,Employed,31363.33,169817.18,0.09272025652930085,0.06756998048779886,4,2,2,Lower-Middle
918,Central,Bachelor,Self-Employed,37315.64,45709.99,0.11150423286474298,0.01646510647295706,3,1,5,Upper-Middle
919,West,Diploma,Employed,37120.87,80267.99,0.11088958828627613,0.030695403977919526,2,2,4,Upper-Middle
920,North,Diploma,Employed,46639.76,382439.28,0.14092878390943364,0.15512353506647472,2,2,1,Upper-Middle
921,Central,Bachelor,Employed,37091.56,152551.26,0.11079709338154302,0.06046021781933189,3,2,5,Upper-Middle
922,East,High School,Self-Employed,18536.55,59105.21,0.05224220145825743,0.021980991817723058,1,1,3,Low Income
923,Central,Bachelor,Self-Employed,74596.31,138243.68,0.22915254470492388,0.054568640761167325,3,1,5,High Income
924,West,Diploma,Employed,48594.42,107951.29,0.14709719368376248,0.04209483666844349,2,2,4,Upper-Middle
925,East,Bachelor,Employed,25230.56,30383.11,0.07336679433551231,0.010153801934995979,3,2,3,Lower-Middle
926,North,High School,Unemployed,17220.2,72258.55,0.048088135683934656,0.027397275786237525,1,0,1,Low Income
927,South,Bachelor,Self-Employed,87437.66,265586.78,0.2696765789899544,0.10700599819516773,3,1,2,High Income
928,East,Diploma,Unemployed,10556.85,25241.58,0.027060297968028005,0.008036622077056004,2,0,3,Low Income
929,West,Bachelor,Employed,43631.77,187074.2,0.13143633257923634,0.07467607831316744,3,2,4,Upper-Middle
930,South,High School,Employed,36939.98,209741.4,0.11031874545730416,0.08400998072663132,1,2,2,Upper-Middle
931,North,Bachelor,Employed,25999.31,454250.43,0.07579277379690984,0.18469393927602054,3,2,1,Lower-Middle
932,Central,Bachelor,Employed,42458.37,71221.86,0.127733380644272,0.02697038745009482,3,2,5,Upper-Middle
933,Central,Bachelor,Employed,12784.02,121728.56,0.03408867998694279,0.047768042609360045,3,2,5,Low Income
934,East,Bachelor,Employed,67630.38,570534.31,0.2071698414730112,0.2325773297335515,3,2,3,High Income
935,North,Bachelor,Employed,17693.29,47788.03,0.04958108738916075,0.01732080204061758,3,2,1,Low Income
936,South,Master,Employed,116233.12,594488.4,0.36054772636100363,0.24244114787003643,4,2,2,High Income
937,North,High School,Unemployed,6814.3,22681.77,0.015249762119893593,0.0069825431993380226,1,0,1,Low Income
938,Central,Master,Employed,45254.41,228834.19,0.13655697168589276,0.09187201214916077,4,2,5,Upper-Middle
939,North,Diploma,Unemployed,6942.47,82979.43,0.015654234038680354,0.031811921075750864,2,0,1,Low Income
940,East,High School,Employed,23246.19,154436.85,0.06710462735819403,0.06123666630224126,1,2,3,Lower-Middle
941,South,High School,Employed,59427.37,370684.14,0.18128322842372527,0.15028300206651857,1,2,2,High Income
942,East,Diploma,Employed,8319.39,28187.76,0.01999944332646895,0.00924980044105769,2,2,3,Low Income
943,West,Bachelor,Employed,84296.27,143983.8,0.25976315119126875,0.05693230808318205,3,2,4,High Income
944,Central,Bachelor,Employed,50295.7,196844.73,0.15246600062761467,0.0786993883623937,3,2,5,Upper-Middle
945,South,Bachelor,Employed,21501.97,211122.78,0.061600312696524065,0.08457880555351381,3,2,2,Lower-Middle
946,North,Bachelor,Employed,23117.38,38394.94,0.06669813576219714,0.01345291428117294,3,2,1,Lower-Middle
947,North,Diploma,Employed,82179.05,185506.94,0.25308174340556455,0.07403071179694463,2,2,1,High Income
948,Central,High School,Employed,16192.27,78775.97,0.04484425006734361,0.030081019798182444,1,2,5,Low Income
949,Central,Diploma,Employed,17331.77,40956.71,0.04844022222508343,0.014507800247932811,2,2,5,Low Income
950,East,Diploma,Unemployed,18328.08,49072.27,0.051584323164511045,0.01784962654631157,2,0,3,Low Income
951,West,High School,Unemployed,9843.33,33496.97,0.024808610338374195,0.01143602759009183,1,0,4,Low Income
952,West,High School,Self-Employed,17885.92,32995.21,0.050188978671956194,0.01122941279536731,1,1,4,Low Income
953,North,Bachelor,Employed,47047.16,111940.93,0.1422144346835128,0.0437376911200234,3,2,1,Upper-Middle
954,Central,Bachelor,Employed,23756.18,168186.06,0.06871402607756723,0.0668983176928948,3,2,5,Lower-Middle
955,East,Doctorate,Self-Employed,124416.51,238374.87,0.38637242368081626,0.09580067453702017,5,1,3,High Income
956,South,Master,Employed,91146.76,144583.05,0.2813815551464026,0.05717906732213827,4,2,2,High Income
957,East,Bachelor,Employed,55958.48,166516.39,0.17033629392766375,0.06621078077423312,3,2,3,High Income
958,North,Diploma,Unemployed,11963.08,86279.87,0.031498002160549696,0.033170976666273416,2,0,1,Low Income
959,North,Bachelor,Employed,110019.78,433833.57,0.3409400057409325,0.17628668214548152,3,2,1,High Income
960,West,Bachelor,Self-Employed,45931.19,152195.63,0.138692717220702,0.06031377645404195,3,1,4,Upper-Middle
961,North,High School,Employed,14218.33,65586.19,0.03861499751705933,0.024649730561970746,1,2,1,Low Income
962,West,Diploma,Employed,41850.13,60303.19,0.12581392991568605,0.022474296169971306,2,2,4,Upper-Middle
963,South,Master,Employed,160139.1,989897.58,0.4991038313529136,0.4052627888097104,4,2,2,High Income
964,South,Diploma,Unemployed,5611.36,32266.38,0.011453589458698735,0.010929295088019032,2,0,2,Low Income
965,South,Bachelor,Self-Employed,37656.75,129342.21,0.1125806892602907,0.05090319234599578,3,1,2,Upper-Middle
966,South,Bachelor,Employed,52512.54,452552.12,0.1594617837940596,0.18399460897462425,3,2,2,Upper-Middle
967,West,High School,Self-Employed,29085.08,62636.79,0.08553067902305185,0.023435226265971665,1,1,4,Lower-Middle
968,South,Diploma,Employed,19041.43,177639.81,0.05383547431740591,0.07079118403462577,2,2,2,Low Income
969,East,Diploma,Unemployed,18172.93,90049.0,0.05109470922833435,0.03472302948283917,2,0,3,Low Income
970,East,High School,Employed,97571.46,351365.1,0.30165627416512225,0.14232780539106654,1,2,3,High Income
971,West,High School,Employed,30339.03,134224.95,0.08948782626938606,0.05291380762579729,1,2,4,Lower-Middle
972,Central,Master,Employed,30922.36,129251.15,0.09132866737405862,0.05086569564795764,4,2,5,Lower-Middle
973,West,High School,Unemployed,3485.67,34530.54,0.004745452507416634,0.01186163117224948,1,0,4,Low Income
974,South,Bachelor,Employed,48129.41,107130.96,0.14562974040331442,0.041757041079802784,3,2,2,Upper-Middle
975,North,High School,Employed,49983.61,136463.56,0.1514811239705642,0.05383562272787448,1,2,1,Upper-Middle
976,South,Master,Employed,66026.7,580364.34,0.20210903530370516,0.2366251407001209,4,2,2,High Income
977,East,High School,Unemployed,8160.19,24832.91,0.019497048620446857,0.00786833989402015,1,0,3,Low Income
978,North,Diploma,Employed,23636.33,190210.52,0.06833580996251228,0.07596755254983517,2,2,1,Lower-Middle
979,East,Master,Employed,27883.27,377156.51,0.08173807235443113,0.15294819538390364,4,2,3,Lower-Middle
980,East,Master,Unemployed,24139.69,83320.17,0.06992428608828664,0.031952231035003165,4,0,3,Lower-Middle
981,South,High School,Employed,45021.36,314197.75,0.13582152516429444,0.12702302942107216,1,2,2,Upper-Middle
982,West,Master,Employed,21727.21,46001.1,0.062311112844667386,0.01658497978468429,4,2,4,Lower-Middle
983,North,Diploma,Self-Employed,86194.45,630922.12,0.2657533244518028,0.25744382958809015,2,1,1,High Income
984,North,Diploma,Self-Employed,49300.47,251529.23,0.1493253078934792,0.10121737852126053,2,1,1,Upper-Middle
985,West,High School,Employed,58811.63,358459.08,0.179340109602833,0.14524896535096743,1,2,4,High Income
986,East,High School,Unemployed,3905.63,11505.18,0.006070739446744773,0.0023802455897834057,1,0,3,Low Income
987,West,Bachelor,Employed,19703.64,29997.05,0.055925240638228096,0.00999483010055053,3,2,4,Low Income
988,East,Diploma,Employed,30112.82,187178.9,0.08877396504797112,0.07471919169208895,2,2,3,Lower-Middle
989,South,Diploma,Self-Employed,47404.91,55562.79,0.14334340268652415,0.020522293672936637,2,1,2,Upper-Middle
990,Central,Bachelor,Self-Employed,123385.71,449905.46,0.38311948107423605,0.18290476699318772,3,1,5,High Income
991,West,Bachelor,Employed,61580.8,508832.23,0.18807890575908434,0.20716963961621268,3,2,4,High Income
992,West,High School,Unemployed,7150.02,36301.12,0.016309209046437175,0.012590720823164939,1,0,4,Low Income
993,South,Bachelor,Employed,23748.13,377634.39,0.06868862232515843,0.15314497686928102,3,2,2,Lower-Middle
994,East,High School,Employed,53573.95,467492.77,0.162811323774706,0.1901468716755189,1,2,3,Upper-Middle
995,South,Bachelor,Employed,24567.36,71979.75,0.0712739038265057,0.02728247148782953,3,2,2,Lower-Middle
996,North,Bachelor,Self-Employed,112502.4,513232.14,0.3487745229838004,0.20898143509902592,3,1,1,High Income
997,Central,Doctorate,Employed,52797.37,229446.62,0.1603606348249407,0.09212419865014358,5,2,5,Upper-Middle
998,North,High School,Employed,65325.52,104686.26,0.19989628957525934,0.04075036221209106,1,2,1,High Income
999,Central,High School,Employed,39566.19,96227.55,0.11860639621674066,0.037267233564362574,1,2,5,Upper-Middle
1000,East,High School,Unemployed,7577.95,23588.24,0.017659647278522827,0.007355809527809675,1,0,3,Low Income
